stockCode,Keys,2020-09-30 00:00:00,2020-06-30 00:00:00,2020-03-31 00:00:00,2019-12-31 00:00:00
AALI,totalAssets,28113778.0,27381270.0,29218599.0,26974124.0
AALI,totalStockholderEquity,18924703.0,18868264.0,18896286.0,18521153.0
AALI,retainedEarnings,14251283.0,14141472.0,14214943.0,13843880.0
AALI,totalLiab,8718508.0,8061912.0,9854949.0,7995597.0
AALI,totalRevenue,4242727.0,4284933.0,4796084.0,5066262.0
AALI,operatingIncome,341442.0,116587.0,639614.0,609658.0
AALI,netIncome,190648.0,20838.0,371063.0,99934.0
AALI,totalCashflowsFromInvestingActivities,-235943.0,-192882.0,-188439.0,-383236.0
AALI,totalCashFromFinancingActivities,-197443.0,-828150.0,440855.0,-192458.0
AALI,totalCashFromOperatingActivities,1003651.0,913217.0,660610.0,487333.0
AALI,debtEquityRatio,0.46069457470481834,0.4272736484925163,0.5215283574772313,0.4317008233774647
AALI,retainedEarningsEquityRatio,0.7530518708800873,0.7494845312743134,0.7522612115417813,0.747463184392462
AALI,returnOnEquity,0.010074028638652876,0.0011043941297408178,0.019636821754285473,0.005395668401421877
AALI,operationalProfitMargin,0.0804770139582396,0.027208593459921077,0.13336171760127638,0.12033684795614596
AALI,netProfitMargin,0.04493525037081104,0.004863086540676366,0.07736791098738054,0.019725391225325496
AALI,earningPerShare,99.05387047145977,10.826678238871,192.79104075967896,51.92212607367956
AALI,bookValuePerShare,9832.597665188441,9803.273982823357,9817.833210081713,9622.927543137554
ACES,totalAssets,6948104.437312,7094837.657399,6989488.929028,5920169.803449
ACES,totalStockholderEquity,4847240.873947,4986979.945385,4882239.65058,4726432.881349
ACES,retainedEarnings,4324716.485167,4464455.556605,4349957.3943,4169723.620069
ACES,totalLiab,2091230.198542,2098557.251724,2093357.697509,1177675.527585
ACES,totalRevenue,1828843.157743,1684586.99896,1966961.763942,2168503.358717
ACES,operatingIncome,215826.690738,165147.982864,304413.982627,376565.736597
ACES,netIncome,169547.172742,114480.964745,245680.032269,302941.873808
ACES,totalCashflowsFromInvestingActivities,-42417.96081,-29675.073772,-64956.96497,-53943.371897
ACES,totalCashFromFinancingActivities,-272761.487963,-24976.162441,-34929.902067,10832.203368
ACES,totalCashFromOperatingActivities,411183.079581,182736.580695,402965.815856,488916.825703
ACES,debtEquityRatio,0.4314269195455018,0.42080723698639005,0.4287699595533606,0.24916793640130408
ACES,retainedEarningsEquityRatio,0.8922016870280846,0.8952222799164153,0.8909758032429305,0.8822136534559004
ACES,returnOnEquity,0.03497807869488886,0.022955970547052593,0.05032117426677605,0.06409524506387056
ACES,operationalProfitMargin,0.11801268458928683,0.0980347010667636,0.15476354864007225,0.17365236492868333
ACES,netProfitMargin,0.09270733360822501,0.06795788214896363,0.12490330863200469,0.13970090135679394
ACES,earningPerShare,9.92223487209497,6.699651797275465,14.37767993493074,17.72875581410933
ACES,bookValuePerShare,283.67009402219827,291.8479000285901,285.71829144343775,276.60017207895413
ADHI,totalAssets,37551771.37386,37691150.627039,36578512.685528,36515833.214549
ADHI,totalStockholderEquity,5563130.61312,5602047.727834,5616186.672976,6810018.544505
ADHI,retainedEarnings,2033938.964567,2189459.589907,2203598.535049,3397430.406578
ADHI,totalLiab,31965101.583155,32065843.943744,30938003.717084,29681535.534528
ADHI,totalRevenue,2930674.077101,2460778.536753,3066294.702662,6366268.536399
ADHI,operatingIncome,167971.345885,181129.923294,232971.062455,602939.866491
ADHI,netIncome,4113.344893,-3286.38824,14557.007715,312582.938693
ADHI,totalCashflowsFromInvestingActivities,-80442.912855,-158394.658805,-152370.107775,-367690.863582
ADHI,totalCashFromFinancingActivities,-1115949.90743,216124.659672,-773540.39053,-1413287.799927
ADHI,totalCashFromOperatingActivities,2356812.793759,-346715.747757,-1154497.065158,3577364.609232
ADHI,debtEquityRatio,5.745883712988691,5.723950509101084,5.508720688710664,4.358510236139961
ADHI,retainedEarningsEquityRatio,0.36561049991711325,0.3908320129135247,0.3923656144928886,0.49888710058203656
ADHI,returnOnEquity,0.000739393909483116,-0.0005866405285466326,0.002591973622430589,0.045900453376183974
ADHI,operationalProfitMargin,0.05731491850201095,0.07360675517472658,0.07597804028841275,0.09470851929096372
ADHI,netProfitMargin,0.001403549076009465,-0.0013355075196390459,0.004747426169559746,0.04909986704233633
ADHI,earningPerShare,1.1551582143300387,-0.922922455973506,4.088071259637015,87.78324178580904
ADHI,bookValuePerShare,1562.3042055317562,1573.2333704594057,1577.2040364374855,1912.4700374170263
ADRO,totalAssets,6470.959,6644.008,6923.994,7217.105
ADRO,totalStockholderEquity,3647.473,3702.237,3736.621,3730.072
ADRO,retainedEarnings,2295.045,2340.759,2383.959,2288.597
ADRO,totalLiab,2582.316,2695.225,2945.556,3233.71
ADRO,totalRevenue,591.595,612.46,750.465,803.021
ADRO,operatingIncome,63.07,86.963,140.276,61.853
ADRO,netIncome,-45.714,56.916,98.177,-1.805
ADRO,totalCashflowsFromInvestingActivities,-19.775,-79.573,-221.951,-138.898
ADRO,totalCashFromFinancingActivities,-74.182,-362.585,-223.099,653.677
ADRO,totalCashFromOperatingActivities,208.844,248.613,142.32,52.05
ADRO,debtEquityRatio,0.7079739863735797,0.7279990449017715,0.7882940228618316,0.8669296463982464
ADRO,retainedEarningsEquityRatio,0.6292150757524456,0.6322553094250855,0.6379986089036056,0.6135530359735684
ADRO,returnOnEquity,-0.012533060560009628,0.015373408023311311,0.02627427293268437,-0.0004839048683242575
ADRO,operationalProfitMargin,0.10661009643421597,0.14198968095875647,0.18691877702491122,0.07702538289783206
ADRO,netProfitMargin,-0.0772724583541105,0.09293015054044344,0.13082155730113995,-0.002247761889166037
ADRO,earningPerShare,-0.0014291878250098078,0.0017794035579528859,0.003069374220063611,-5.6430940721501145e-05
ADRO,bookValuePerShare,0.11403342528879554,0.11574554940938961,0.11682051975053537,0.11661577391630538
AKRA,totalAssets,18357361.617,18553634.067,21585843.716,21409046.173
AKRA,totalStockholderEquity,8513381.736,8463855.778,8536444.98,8336274.821
AKRA,retainedEarnings,6664312.727,6636041.341,6627336.194,6401191.146
AKRA,totalLiab,8049922.774,8318483.243,11229676.414,11342184.833
AKRA,totalRevenue,3861894.334,3655640.197,6345471.603,6583681.764
AKRA,operatingIncome,280828.89,281191.919,351711.139,374965.085
AKRA,netIncome,233838.271,203796.609,227773.761,151958.063
AKRA,totalCashflowsFromInvestingActivities,-57507.725,-50679.373,-56278.909,-112300.976
AKRA,totalCashFromFinancingActivities,-1275177.65,36630.117,-18531.631,-314158.569
AKRA,totalCashFromOperatingActivities,1371390.698,-236169.918,-231704.508,1214443.697
AKRA,debtEquityRatio,0.9455611205544561,0.982824313313813,1.3154980135536467,1.3605819237662102
AKRA,retainedEarningsEquityRatio,0.7828044053068878,0.7840447090614402,0.7763578643717797,0.7678718952348703
AKRA,returnOnEquity,0.027467142699731516,0.02407845955146425,0.02668250794489394,0.0182285332793013
AKRA,operationalProfitMargin,0.0727179113958637,0.07692002052903348,0.05542710786598094,0.05695370743013939
AKRA,netProfitMargin,0.06055014735677644,0.05574854143666699,0.03589548188858233,0.02308101582778751
AKRA,earningPerShare,59.23810865075297,51.62767247195828,57.70178997734994,38.4954447698254
AKRA,bookValuePerShare,2156.6898784609293,2144.1434972869233,2162.532476201959,2111.823490128929
ANTM,totalAssets,30974035.242,30033248.781,30771074.863,30194907.73
ANTM,totalStockholderEquity,18929146.377,18103629.959,18025029.395,18133399.32
ANTM,retainedEarnings,8624536.868,7844925.837,7588310.492,7912776.028
ANTM,totalLiab,12044879.836,11929598.672,12746025.641,12061488.555
ANTM,totalRevenue,8811252.547,4023564.555,5202523.965,8181406.324
ANTM,operatingIncome,988969.144,313903.489,137540.05,-233218.491
ANTM,netIncome,750962.736,366659.468,-281839.004,-367341.283
ANTM,totalCashflowsFromInvestingActivities,-215091.942,-33643.602,-126374.314,-507707.355
ANTM,totalCashFromFinancingActivities,-140701.767,-105599.025,-438652.956,-1160487.818
ANTM,totalCashFromOperatingActivities,991807.453,106832.261,18866.802,1885362.692
ANTM,debtEquityRatio,0.6363139465515053,0.6589616943683355,0.707129256861886,0.6651531983689862
ANTM,retainedEarningsEquityRatio,0.45562207065392596,0.43333441164930525,0.4209874128751733,0.43636473715508517
ANTM,returnOnEquity,0.039672298002432,0.020253367353972,-0.01563598027075506,-0.020257717624673145
ANTM,operationalProfitMargin,0.11223933699831563,0.07801626759285336,0.026437177594048813,-0.02850591716925952
ANTM,netProfitMargin,0.08522769401901698,0.09112801919491012,-0.05417351383599057,-0.044899528082648986
ANTM,earningPerShare,156.20780699154832,76.26885950965188,-58.62534934026636,-76.41068389163284
ANTM,bookValuePerShare,3937.4529547537795,3765.737231576673,3749.387523206138,3771.9295582720283
BIRD,totalAssets,7449684.0,7630135.0,7702349.0,7424304.0
BIRD,totalStockholderEquity,5153176.0,5215518.0,5322933.0,5309189.0
BIRD,retainedEarnings,2390192.0,2452534.0,2559949.0,2546205.0
BIRD,totalLiab,2199531.0,2316998.0,2280467.0,2016202.0
BIRD,totalRevenue,401553.0,266185.0,885180.0,1086989.0
BIRD,operatingIncome,-68726.0,-127683.0,24300.0,83486.0
BIRD,netIncome,-62342.0,-107415.0,13744.0,85235.0
BIRD,totalCashflowsFromInvestingActivities,8674.0,97474.0,-222562.0,-487007.0
BIRD,totalCashFromFinancingActivities,32526.0,-44825.0,172117.0,130630.0
BIRD,totalCashFromOperatingActivities,36258.0,43476.0,144857.0,233758.0
BIRD,debtEquityRatio,0.42683017230538994,0.44425079158005015,0.4284230141540388,0.3797570589406405
BIRD,retainedEarningsEquityRatio,0.46382890861868487,0.4702378555687086,0.48092827769953145,0.4795845467170221
BIRD,returnOnEquity,-0.012097782028015345,-0.02059526973159713,0.0025820351298804626,0.016054241052635344
BIRD,operationalProfitMargin,-0.17115050815209948,-0.4796776677874411,0.027452043652138547,0.07680482507182686
BIRD,netProfitMargin,-0.1552522332045832,-0.4035351353382046,0.01552678551255112,0.07841385699395302
BIRD,earningPerShare,-24.915870748302215,-42.92993898862536,5.4929859094136475,34.06538518545345
BIRD,bookValuePerShare,2059.540392660694,2084.4562634089966,2127.386202397622,2121.893216488208
BMTR,totalAssets,31477912.0,30901194.0,30561162.0,30154793.0
BMTR,totalStockholderEquity,11576661.0,11406461.0,10638095.0,11068151.0
BMTR,retainedEarnings,9503801.0,9308132.0,8896680.0,8756473.0
BMTR,totalLiab,11598999.0,11588000.0,13398806.0,12783387.0
BMTR,totalRevenue,3105015.0,2951141.0,2911284.0,3264736.0
BMTR,operatingIncome,906566.0,810198.0,837048.0,903913.0
BMTR,netIncome,195669.0,411452.0,140207.0,490502.0
BMTR,totalCashflowsFromInvestingActivities,-1253910.0,-356441.0,-506456.0,-1593753.0
BMTR,totalCashFromFinancingActivities,899272.0,-328747.0,-305935.0,-439922.0
BMTR,totalCashFromOperatingActivities,465952.0,737454.0,766167.0,1815688.0
BMTR,debtEquityRatio,1.0019295719206083,1.0159154535311172,1.2595117828896998,1.1549704191784156
BMTR,retainedEarningsEquityRatio,0.8209449166732964,0.8160403125912585,0.8363038683147688,0.7911414472028797
BMTR,returnOnEquity,0.01690202382189476,0.03607183683002116,0.013179709337057057,0.044316525858745515
BMTR,operationalProfitMargin,0.2919683157730317,0.27453720442364493,0.28751849699307935,0.2768716980484793
BMTR,netProfitMargin,0.06301708687397646,0.13942132890295653,0.04815984974327479,0.15024246983523323
BMTR,earningPerShare,12.067680843575737,25.375871591570068,8.647120024302385,30.25119763036345
BMTR,bookValuePerShare,713.9784543400862,703.4815474229118,656.0933783258401,682.6166321517646
BRIS,totalAssets,56096769.0,49580078.0,42229396.0,43123488.0
BRIS,totalStockholderEquity,5295274.0,5211746.0,5166326.0,5088036.0
BRIS,retainedEarnings,413547.0,340164.0,298119.0,222964.0
BRIS,totalLiab,50801495.0,44368332.0,37063070.0,38035452.0
BRIS,totalRevenue,575014.0,461269.0,436202.0,322455.0
BRIS,operatingIncome,138150.0,119877.0,117080.0,88959.0
BRIS,netIncome,73383.0,42045.0,75155.0,17559.0
BRIS,totalCashflowsFromInvestingActivities,-2153889.0,29795.0,2986004.0,-2098017.0
BRIS,totalCashFromFinancingActivities,627227.0,4974773.0,1097866.0,687033.0
BRIS,totalCashFromOperatingActivities,2875078.0,-4252507.0,-4235726.0,3072715.0
BRIS,debtEquityRatio,9.593742457897363,8.513141661163072,7.173970438566982,7.4754683339504675
BRIS,retainedEarningsEquityRatio,0.07809737513110747,0.06526872184484815,0.05770425637096846,0.04382123082462467
BRIS,returnOnEquity,0.013858206393096938,0.00806735401149634,0.014547088201557548,0.0034510369030407804
BRIS,operationalProfitMargin,0.2402550198777769,0.25988522965991645,0.268407756039633,0.2758803553984277
BRIS,netProfitMargin,0.12761950143822584,0.09115071682684074,0.17229402891320994,0.05445410987579662
BRIS,earningPerShare,7.552713407679671,4.3273487759548095,7.735090908714085,1.8072045940537638
BRIS,bookValuePerShare,544.9993450409163,536.4024895632625,531.7277795762518,523.6700286981568
BRPT,totalAssets,7269.908,7176.451,7130.466,7182.435
BRPT,totalStockholderEquity,1291.788,1278.616,1153.514,1175.536
BRPT,retainedEarnings,190.128,169.958,176.749,182.545
BRPT,totalLiab,4294.723,4252.906,4398.638,4426.628
BRPT,totalRevenue,559.723,495.455,610.6,630.282
BRPT,operatingIncome,128.997,76.036,56.411,72.481
BRPT,netIncome,20.17,-6.791,-2.089,31.66
BRPT,totalCashflowsFromInvestingActivities,-231.352,-26.207,-40.243,-234.375
BRPT,totalCashFromFinancingActivities,39.368,43.905,106.379,-33.408
BRPT,totalCashFromOperatingActivities,64.715,42.578,-86.559,350.179
BRPT,debtEquityRatio,3.324634537555698,3.3261792438073665,3.8132506410845473,3.765625212668944
BRPT,retainedEarningsEquityRatio,0.14718204535109475,0.1329234109380768,0.15322657549019778,0.15528660968273195
BRPT,returnOnEquity,0.015614017160710583,-0.005311211497431598,-0.0018109879897426474,0.0269323950946632
BRPT,operationalProfitMargin,0.23046578396814144,0.153467015167876,0.09238617753029807,0.11499773117429975
BRPT,netProfitMargin,0.03603568193552883,-0.013706592929731259,-0.0034212250245660007,0.050231483685080645
BRPT,earningPerShare,0.00021598064763078128,-7.271812484187584e-05,-2.236904178982162e-05,0.00033901573148193033
BRPT,bookValuePerShare,0.013832484325318377,0.013691438361481359,0.012351844361486019,0.012587656251526925
BTPS,totalAssets,15469361.0,15272172.0,16003683.0,15383038.0
BTPS,totalStockholderEquity,5539408.0,5439557.0,5780758.0,5393320.0
BTPS,retainedEarnings,3908000.0,3808151.0,4148861.0,3761832.0
BTPS,totalLiab,9929953.0,9832615.0,10222925.0,9989718.0
BTPS,totalRevenue,508561.0,341871.0,957523.0,1002998.0
BTPS,operatingIncome,130210.0,10224.0,538595.0,570366.0
BTPS,netIncome,99849.0,4395.0,402297.0,423303.0
BTPS,totalCashflowsFromInvestingActivities,-698374.0,19093.0,-141346.0,-1045765.0
BTPS,totalCashFromFinancingActivities,181758.0,-465788.0,27039.0,44619.0
BTPS,totalCashFromOperatingActivities,304173.0,140767.0,823044.0,-283003.0
BTPS,debtEquityRatio,1.7926018448180745,1.807613193500868,1.7684402287727665,1.8522390661039954
BTPS,retainedEarningsEquityRatio,0.7054905506147949,0.7000847679323886,0.7177018999930459,0.6974983868934163
BTPS,returnOnEquity,0.018025211358325657,0.0008079702078680304,0.06959243061204085,0.07848653519538985
BTPS,operationalProfitMargin,0.25603614905586547,0.029906017181919497,0.5624877940268798,0.5686611538607256
BTPS,netProfitMargin,0.19633632936855167,0.012855726282720675,0.42014343258595355,0.4220377308828133
BTPS,earningPerShare,12.965382434224466,0.5706903003376752,52.23822429009004,54.96585124091898
BTPS,bookValuePerShare,719.2915620507214,706.3259199167015,750.6308348576607,700.3220501973129
CLEO,totalAssets,1323059.335131,1339700.022806,1325761.988096,1245144.303719
CLEO,totalStockholderEquity,857878.41691,828299.317203,801758.404195,766299.436026
CLEO,retainedEarnings,358761.328991,329182.229284,299939.092425,264480.124256
CLEO,totalLiab,465180.918221,511400.705603,524003.583901,478844.867693
CLEO,totalRevenue,225846.898531,222418.583412,271527.426835,312985.442716
CLEO,operatingIncome,48773.69759,49424.289493,56675.125293,66390.218035
CLEO,netIncome,29579.099707,29243.136859,35458.968169,36736.380345
CLEO,totalCashflowsFromInvestingActivities,-30337.813219,-72815.359055,-50517.724969,-84787.655078
CLEO,totalCashFromFinancingActivities,-51468.611323,36343.868711,27076.381263,-2070.929163
CLEO,totalCashFromOperatingActivities,77498.650409,31105.986779,39972.849718,77174.799638
CLEO,debtEquityRatio,0.5422457414146626,0.6174105120959139,0.6535679341298857,0.6248795773311168
CLEO,retainedEarningsEquityRatio,0.41819600763850157,0.3974194140296797,0.37410158827851864,0.3451393956748604
CLEO,returnOnEquity,0.03447936108888393,0.03530503557306818,0.044226500132047056,0.04793998092379329
CLEO,operationalProfitMargin,0.21595912056904012,0.22221294972213837,0.20872707392259113,0.21211918822448828
CLEO,netProfitMargin,0.13096969628272287,0.13147793862543888,0.13059074209305374,0.11737408623932148
CLEO,earningPerShare,2.4662609818351515,2.4382489033210604,2.9565155977564697,3.063024309603584
CLEO,bookValuePerShare,71.52861607491528,69.06235509308013,66.84941356266495,63.892897964908485
CPIN,totalAssets,31239625.0,32004676.0,30751450.0,29353041.0
CPIN,totalStockholderEquity,22022740.0,22719132.0,21980908.0,21058649.0
CPIN,retainedEarnings,21883869.0,22580261.0,21842037.0,20919778.0
CPIN,totalLiab,9206351.0,9274839.0,8759182.0,8281441.0
CPIN,totalRevenue,15683680.0,13711692.0,13889734.0,14735128.0
CPIN,operatingIncome,874496.0,978486.0,1266617.0,1506429.0
CPIN,netIncome,628101.0,730735.0,922259.0,1069768.0
CPIN,totalCashflowsFromInvestingActivities,-414155.0,-394731.0,-529636.0,-732068.0
CPIN,totalCashFromFinancingActivities,-1328263.0,430325.0,415200.0,-148000.0
CPIN,totalCashFromOperatingActivities,501865.0,955026.0,1352551.0,1205005.0
CPIN,debtEquityRatio,0.41803840030804523,0.408239143995466,0.39849045362457275,0.3932560441080527
CPIN,retainedEarningsEquityRatio,0.9936941997226503,0.9938874865465811,0.9936821991157053,0.9934055123859085
CPIN,returnOnEquity,0.028520565560870265,0.03216386083764115,0.04195727492240084,0.050799460117313316
CPIN,operationalProfitMargin,0.0557583424298379,0.0713614337311544,0.09119087521762476,0.10223385911544168
CPIN,netProfitMargin,0.04004806269957051,0.053292839424922904,0.06639860777751395,0.07259984439904424
CPIN,earningPerShare,38.30351244129321,44.562446427864934,56.242163410971536,65.23771160577256
CPIN,bookValuePerShare,1343.0137757802734,1385.4818814448354,1340.4627329823093,1284.2205695713376
CTRA,totalAssets,38784329.0,37884189.0,37870092.0,36196024.0
CTRA,totalStockholderEquity,14715140.0,14862050.0,14710202.0,15352476.0
CTRA,retainedEarnings,6510458.0,6602512.0,6610510.0,7146030.0
CTRA,totalLiab,21920634.0,20841435.0,20960156.0,18434456.0
CTRA,totalRevenue,1435595.0,1294625.0,1509845.0,2952844.0
CTRA,operatingIncome,278372.0,161028.0,386350.0,1057222.0
CTRA,netIncome,62673.0,-7998.0,177506.0,748725.0
CTRA,totalCashflowsFromInvestingActivities,-204033.0,-190617.0,-303280.0,398760.0
CTRA,totalCashFromFinancingActivities,108814.0,137161.0,-52015.0,284231.0
CTRA,totalCashFromOperatingActivities,660663.0,-340854.0,312672.0,321927.0
CTRA,debtEquityRatio,1.4896653378765,1.4023257222253995,1.4248720717771244,1.2007480747730854
CTRA,retainedEarningsEquityRatio,0.4424326238146562,0.44425311447613214,0.4493826801290696,0.4654643329193284
CTRA,returnOnEquity,0.00425908282218178,-0.0005381491786126409,0.012066863527774805,0.04876900638046918
CTRA,operationalProfitMargin,0.19390705595937574,0.1243819638891571,0.2558871937185605,0.35803516880675035
CTRA,netProfitMargin,0.04365646299966216,-0.006177850728975572,0.11756571038749011,0.2535606351029719
CTRA,earningPerShare,3.3812048938157044,-0.4314916589398625,9.576438911200205,40.393672460583716
CTRA,bookValuePerShare,793.8809915144197,801.8067779128762,793.6145866867322,828.2652335676951
DMAS,totalAssets,6980278.330377,6987604.175307,7659801.353141,7616971.02962
DMAS,totalStockholderEquity,5674020.177082,5450513.177411,6437103.926065,6492333.843328
DMAS,retainedEarnings,474478.694499,250971.694828,1237562.443482,1292792.360745
DMAS,totalLiab,1303154.367812,1534111.053548,1219310.793606,1121231.243313
DMAS,totalRevenue,402402.972516,144950.439148,107639.757469,1380445.241098
DMAS,operatingIncome,223382.718932,43745.771317,34150.02531,586053.642733
DMAS,netIncome,223506.999671,25569.584446,53369.876015,575831.768847
DMAS,totalCashflowsFromInvestingActivities,2403.652105,5419.363649,8053.762779,19260.74239
DMAS,totalCashFromFinancingActivities,,-1012540.0831,-1012540.0831,-1012160.3331
DMAS,totalCashFromOperatingActivities,-23648.531538,660085.640406,-22344.642833,560882.411155
DMAS,debtEquityRatio,0.22967037957947095,0.2814617639869104,0.18941915613150034,0.17270079918414236
DMAS,retainedEarningsEquityRatio,0.083623018546087,0.046045516570462054,0.19225453832909012,0.19912598334319614
DMAS,returnOnEquity,0.039391294478255415,0.0046912251404088124,0.008290976288093735,0.08869410950559282
DMAS,operationalProfitMargin,0.5551219404153831,0.3017981288924132,0.31726219115492826,0.42453957990166674
DMAS,netProfitMargin,0.5554307868889142,0.17640225580753477,0.4958193633088629,0.41713481397421165
DMAS,earningPerShare,4.63725768730482,0.5305102399832718,1.107302537215239,11.947188681386748
DMAS,bookValuePerShare,117.72290676724666,113.08564907994183,133.5551446221577,134.7010387497423
ERAA,totalAssets,9789096.428,9063284.429,9943688.333,9747703.198
ERAA,totalStockholderEquity,5117209.56,4925214.205,4935723.026,4821803.944
ERAA,retainedEarnings,2915009.801,2733318.487,2722597.456,2619893.958
ERAA,totalLiab,4411701.508,3908043.301,4760073.753,4768986.646
ERAA,totalRevenue,8707465.119,6656222.916,7806510.259,9332260.526
ERAA,operatingIncome,298915.476,89104.409,197290.745,271595.811
ERAA,netIncome,181691.314,10721.031,102703.498,129471.187
ERAA,totalCashflowsFromInvestingActivities,-146643.507,-79731.141,-242575.249,48159.884
ERAA,totalCashFromFinancingActivities,525567.097,-715265.028,-207867.591,-208386.66
ERAA,totalCashFromOperatingActivities,-1110381.762,1984757.28,350092.372,-41528.073
ERAA,debtEquityRatio,0.8621303185402477,0.7934768191467928,0.9644126560435565,0.9890461539678063
ERAA,retainedEarningsEquityRatio,0.5696483145396141,0.5549643879905118,0.5516106640624124,0.5433431115049916
ERAA,returnOnEquity,0.03550593577801415,0.0021767644114069552,0.020808197189953102,0.02685119272862746
ERAA,operationalProfitMargin,0.034328644664651686,0.013386632347575662,0.025272591523535972,0.02910289637149806
ERAA,netProfitMargin,0.020866154674974588,0.0016106778777238897,0.013156134379199054,0.013873507564355797
ERAA,earningPerShare,57.141205265697245,3.371722178369536,32.29984709518434,40.71818024476653
ERAA,bookValuePerShare,1609.3423258282353,1548.9605401028298,1552.265523068947,1516.4384188176025
EXCL,totalAssets,68395715.0,69654912.0,71511584.0,62725242.0
EXCL,totalStockholderEquity,20870688.0,20519110.0,20648042.0,19121966.0
EXCL,retainedEarnings,7704698.0,7382541.0,7379938.0,5850788.0
EXCL,totalLiab,47525027.0,49135802.0,50863542.0,43603276.0
EXCL,totalRevenue,6573991.0,6585009.0,6497151.0,6412106.0
EXCL,operatingIncome,1063322.0,809102.0,581148.0,654455.0
EXCL,netIncome,331487.0,223810.0,1519709.0,214168.0
EXCL,totalCashflowsFromInvestingActivities,-1507727.0,-1477646.0,-915476.0,-2269483.0
EXCL,totalCashFromFinancingActivities,-3438949.0,-1584525.0,-2546144.0,-1045240.0
EXCL,totalCashFromOperatingActivities,3714243.0,4426965.0,4759034.0,3429394.0
EXCL,debtEquityRatio,2.277118368115129,2.394636122132003,2.463359092353648,2.2802715996880236
EXCL,retainedEarningsEquityRatio,0.36916358483246936,0.35978855808073545,0.35741587507425643,0.3059720951287122
EXCL,returnOnEquity,0.015882897583443346,0.010907393156915675,0.07360063486891397,0.011200103587675033
EXCL,operationalProfitMargin,0.16174679886236534,0.12287029524181364,0.08944658974371998,0.10206553042011471
EXCL,netProfitMargin,0.05042401183694958,0.03398780472433675,0.23390390649686302,0.033400570732923004
EXCL,earningPerShare,31.127002460192216,21.01601094647941,142.7023858606107,20.110616292326537
EXCL,bookValuePerShare,1959.7810976656826,1926.767527688732,1938.8743876295366,1795.5741333014926
HRUM,totalAssets,464.799024,466.688309,445.392174,447.001954
HRUM,totalStockholderEquity,336.233381,332.614637,311.527701,314.143585
HRUM,retainedEarnings,216.325627,212.515594,191.408312,190.507183
HRUM,totalLiab,42.700261,46.797587,47.50452,47.418441
HRUM,totalRevenue,33.595868,41.352912,61.1942,62.306104
HRUM,operatingIncome,-2.64886,5.07792,8.399102,0.700916
HRUM,netIncome,3.810033,21.107282,0.821375,2.45707
HRUM,totalCashflowsFromInvestingActivities,0.062836,-27.972538,-0.75061,-2.548797
HRUM,totalCashFromFinancingActivities,0.419927,-0.961847,-3.091785,-1.017598
HRUM,totalCashFromOperatingActivities,2.2632,21.850221,20.693509,5.976033
HRUM,debtEquityRatio,0.12699590050519105,0.14069611434448087,0.1524889114114446,0.1509451195700845
HRUM,retainedEarningsEquityRatio,0.6433793883183776,0.6389243597839622,0.6144182728713425,0.6064334657669359
HRUM,returnOnEquity,0.01133151321462636,0.06345866853718768,0.0026366034139609306,0.00782148710755943
HRUM,operationalProfitMargin,-0.0788448150826167,0.12279473813113813,0.13725323641783044,0.011249555902259593
HRUM,netProfitMargin,0.11340778574317531,0.5104182747759094,0.013422432191286101,0.039435462053605534
HRUM,earningPerShare,0.0015081654642640596,0.00835511759527606,0.00032513351149711617,0.0009726078795851094
HRUM,bookValuePerShare,0.1330947981702362,0.13166235264422296,0.12331528882027536,0.12435076171705103
ICBP,totalAssets,102157377.0,43458424.0,42101501.0,38709314.0
ICBP,totalStockholderEquity,26983454.0,28723556.0,27296733.0,25300838.0
ICBP,retainedEarnings,19944633.0,21869229.0,20475588.0,18495204.0
ICBP,totalLiab,54468428.0,13287714.0,13319317.0,12038210.0
ICBP,totalRevenue,10849454.0,11040829.0,12006604.0,9506364.0
ICBP,operatingIncome,1935077.0,2156342.0,2215625.0,1709791.0
ICBP,netIncome,584762.0,1395593.0,1982438.0,1153214.0
ICBP,totalCashflowsFromInvestingActivities,-30650410.0,-2087444.0,-1551643.0,377083.0
ICBP,totalCashFromFinancingActivities,26871955.0,237786.0,-36322.0,-209649.0
ICBP,totalCashFromOperatingActivities,2006100.0,2414939.0,1519710.0,2188653.0
ICBP,debtEquityRatio,2.0185862047164163,0.46260685828732345,0.4879454621913912,0.47580281728217855
ICBP,retainedEarningsEquityRatio,0.7391430689340216,0.7613691354928338,0.7501113045286408,0.7310115182746121
ICBP,returnOnEquity,0.021671132242744015,0.04858705516823892,0.07262546767043514,0.04558007130040515
ICBP,operationalProfitMargin,0.1783570859879216,0.19530616767998127,0.18453386153153714,0.17985751439772346
ICBP,netProfitMargin,0.05389782748514349,0.1264029177519188,0.165112299864308,0.1213096826504855
ICBP,earningPerShare,50.14294374739166,119.6711504736176,169.9927100541616,98.88731608877549
ICBP,bookValuePerShare,2313.8128264701377,2463.0253893602085,2340.676287629103,2169.5296489783354
INAF,totalAssets,1491345.725387,1555305.636114,1378259.973231,1383935.194386
INAF,totalStockholderEquity,486052.115969,500272.077825,483504.178109,504933.639526
INAF,retainedEarnings,-96910.122752,-82690.160896,-99458.060612,-78028.599195
INAF,totalLiab,1005293.767751,1055033.289294,894754.936243,878999.86735
INAF,totalRevenue,301955.724121,299132.379326,148167.035426,775637.740234
INAF,operatingIncome,-10318.062964,34940.357597,-19138.584539,35219.772083
INAF,netIncome,-14219.961857,16767.899717,-21429.461417,42803.21172
INAF,totalCashflowsFromInvestingActivities,-801.874815,-2518.430443,599.511442,17082.569636
INAF,totalCashFromFinancingActivities,-48426.335682,28598.13674,-4457.547881,-21032.030391
INAF,totalCashFromOperatingActivities,25799.558327,-34421.464748,-88009.117786,139054.231634
INAF,debtEquityRatio,2.0682839035621376,2.1089189983996284,1.8505629873611738,1.7408225527915901
INAF,retainedEarningsEquityRatio,-0.1993821641097039,-0.16529037809886687,-0.2057025877231994,-0.1545323842322099
INAF,returnOnEquity,-0.0292560435184011,0.033517560663990476,-0.04432115044137012,0.08476997444690151
INAF,operationalProfitMargin,-0.03417078114361342,0.1168056687000151,-0.1291689779982033,0.04540750179636004
INAF,netProfitMargin,-0.04709287064649837,0.05605511431019653,-0.1446304257582494,0.05518453976605988
INAF,earningPerShare,-4.588165102766015,5.410274169641856,-6.914358001329634,13.81074044184824
INAF,bookValuePerShare,156.8279422294477,161.41610733189106,156.00583316257186,162.9201911639015
INCO,totalAssets,2278.374,2237.253,2197.568,2222.688
INCO,totalStockholderEquity,2018.333,1994.819,1971.028,1941.693
INCO,retainedEarnings,1604.16,1580.646,1556.855,1527.52
INCO,totalLiab,260.031,242.424,226.54,280.995
INCO,totalRevenue,210.643,185.718,174.659,275.551
INCO,operatingIncome,40.31,15.492,16.468,88.11
INCO,netIncome,23.514,24.169,28.957,57.24
INCO,totalCashflowsFromInvestingActivities,-26.434,-44.315,-33.004,-57.196
INCO,totalCashFromFinancingActivities,0.078,-0.427,-0.395,-0.454
INCO,totalCashFromOperatingActivities,97.829,39.443,78.693,104.592
INCO,debtEquityRatio,0.12883453820553892,0.12152681521481398,0.11493494765168226,0.14471649225701488
INCO,retainedEarningsEquityRatio,0.7947945160684585,0.7923756491190429,0.7898695503057288,0.7866949100604472
INCO,returnOnEquity,0.011650208365022025,0.012115886203209414,0.014691318438905993,0.029479428519338536
INCO,operationalProfitMargin,0.19136643515331628,0.0834167932025975,0.09428658128123944,0.3197593186016382
INCO,netProfitMargin,0.11162962927797268,0.1301381664674399,0.16579162825849228,0.20772924068502746
INCO,earningPerShare,0.0023664649011251263,0.002432384545177051,0.002914252111162724,0.005760672405392627
INCO,bookValuePerShare,0.2031264014324479,0.20075993653132276,0.19836559416240776,0.195413299874983
INDF,totalAssets,161531863.0,103395472.0,102662235.0,96198559.0
INDF,totalStockholderEquity,39672266.0,40646918.0,39790366.0,37777948.0
INDF,retainedEarnings,28077040.0,29611625.0,28179996.0,26779999.0
INDF,totalLiab,86257732.0,46055739.0,46091806.0,41996071.0
INDF,totalRevenue,19391415.0,20079736.0,19304795.0,18747507.0
INDF,operatingIncome,3004160.0,2662193.0,2735740.0,2822350.0
INDF,netIncome,909961.0,1438844.0,1403751.0,1377204.0
INDF,totalCashflowsFromInvestingActivities,-29461597.0,-3955844.0,-3258959.0,2996497.0
INDF,totalCashFromFinancingActivities,24508355.0,-27437.0,3240242.0,-4296688.0
INDF,totalCashFromOperatingActivities,3648662.0,4704580.0,1204759.0,5689851.0
INDF,debtEquityRatio,2.1742577547750863,1.133068416158883,1.1583659723059596,1.1116556939514026
INDF,retainedEarningsEquityRatio,0.7077246356434492,0.7285084935590934,0.7082115303990921,0.7088791323446154
INDF,returnOnEquity,0.022936955504381826,0.035398600208753836,0.035278665192473975,0.03645523573699662
INDF,operationalProfitMargin,0.15492216529840655,0.1325810757671316,0.14171297856309792,0.15054534984304846
INDF,netProfitMargin,0.0469259721376702,0.07165651978691354,0.07271514667728925,0.07346064732766869
INDF,earningPerShare,103.63512208636462,163.86941154976225,159.87268274558625,156.8492547239164
INDF,bookValuePerShare,4518.259717012852,4629.262473187809,4531.7100823784,4302.516539887241
INKP,totalAssets,8247.915,8310.906,8386.259,8502.05
INKP,totalStockholderEquity,4269.17,4204.102,4180.792,4005.114
INKP,retainedEarnings,2065.497,1999.957,1976.039,1799.89
INKP,totalLiab,3978.19,4106.252,4204.955,4496.373
INKP,totalRevenue,707.77,703.628,780.471,756.284
INKP,operatingIncome,105.617,146.367,167.893,121.072
INKP,netIncome,84.231,23.918,179.308,36.32
INKP,totalCashflowsFromInvestingActivities,0.451,16.717,-30.353,-28.656
INKP,totalCashFromFinancingActivities,-135.815,-152.605,-159.894,-170.838
INKP,totalCashFromOperatingActivities,217.671,70.009,215.037,85.33
INKP,debtEquityRatio,0.9318415523392135,0.9767251127589198,1.0057795269413068,1.1226579318341499
INKP,retainedEarningsEquityRatio,0.4838169948725396,0.47571562250392596,0.4726470486931662,0.4493979447276657
INKP,returnOnEquity,0.019730064626145127,0.00568920544744157,0.042888524470961475,0.009068406042874186
INKP,operationalProfitMargin,0.149225030730322,0.20801758883955723,0.21511753799949004,0.16008800926636027
INKP,netProfitMargin,0.11900900009890218,0.0339923937080389,0.2297433216608945,0.04802428717254365
INKP,earningPerShare,0.015395961685183245,0.004371794370080052,0.03277438351493912,0.006638664249573856
INKP,bookValuePerShare,0.7803300180163332,0.7684367194097452,0.7641760568641075,0.7320651742089137
INTP,totalAssets,26337588.0,27037394.0,27381603.0,27707749.0
INTP,totalStockholderEquity,22344865.0,23538141.0,23482688.0,23080261.0
INTP,retainedEarnings,17979247.0,19173145.0,19103548.0,18703116.0
INTP,totalLiab,3992723.0,3499253.0,3898915.0,4627488.0
INTP,totalRevenue,3974314.0,2812485.0,3362755.0,4591439.0
INTP,operatingIncome,736868.0,65066.0,371226.0,765131.0
INTP,netIncome,646718.0,69597.0,400432.0,659517.0
INTP,totalCashflowsFromInvestingActivities,-90640.0,-177525.0,-220012.0,-391045.0
INTP,totalCashFromFinancingActivities,-1840792.0,696.0,-2125.0,-612.0
INTP,totalCashFromOperatingActivities,941425.0,318088.0,180464.0,2029412.0
INTP,debtEquityRatio,0.17868637827975242,0.14866309960501978,0.16603359036239804,0.2004954796655029
INTP,retainedEarningsEquityRatio,0.8046254475021443,0.8145564681594863,0.8135162380047803,0.8103511481087671
INTP,returnOnEquity,0.028942578082257378,0.0029567755584436342,0.017052221619603344,0.028574936825887715
INTP,operationalProfitMargin,0.18540759487046066,0.023134701162850647,0.11039341254417881,0.1666429631320377
INTP,netProfitMargin,0.1627244349590898,0.02474573197723721,0.11907855315061609,0.1436405884952408
INTP,earningPerShare,175.67986223891913,18.905908560210253,108.77668256652028,179.15668916625984
INTP,bookValuePerShare,6069.945176950766,6394.096605074011,6379.032890439913,6269.714269462575
IPTV,totalAssets,10117635.0,10145039.0,10215506.0,10221763.0
IPTV,totalStockholderEquity,6496902.0,6100388.0,5666158.0,5503540.0
IPTV,retainedEarnings,154272.0,49358.0,-25784.0,-55932.0
IPTV,totalLiab,3400835.0,3832742.0,4347278.0,4550681.0
IPTV,totalRevenue,952630.0,890937.0,842659.0,997469.0
IPTV,operatingIncome,250751.0,89516.0,101553.0,143695.0
IPTV,netIncome,104914.0,75142.0,30148.0,157109.0
IPTV,totalCashflowsFromInvestingActivities,-233825.0,-341396.0,-160076.0,-584746.0
IPTV,totalCashFromFinancingActivities,46998.0,-180552.0,-30616.0,464534.0
IPTV,totalCashFromOperatingActivities,193304.0,502771.0,174730.0,-125033.0
IPTV,debtEquityRatio,0.5234548712601791,0.6282783980297647,0.7672355765582252,0.8268643454939911
IPTV,retainedEarningsEquityRatio,0.023745471303091844,0.008090960771675506,-0.004550526123697927,-0.010162913324878169
IPTV,returnOnEquity,0.016148311918511314,0.012317577177058246,0.005320712906346769,0.028546898905068376
IPTV,operationalProfitMargin,0.26321971804373157,0.10047399535545162,0.1205149413938497,0.14405961488527463
IPTV,netProfitMargin,0.11013090076944879,0.08434041913176801,0.035777224238986355,0.15750765186687507
IPTV,earningPerShare,2.738818417758408,1.9616094472349,0.7870245883159587,4.10138802062266
IPTV,bookValuePerShare,169.60400762502084,159.25286434481936,147.91713106286238,143.67192857836045
ISAT,totalAssets,61843098.0,61079475.0,60878651.0,62813000.0
ISAT,totalStockholderEquity,12287115.0,12400879.0,12146913.0,12723270.0
ISAT,retainedEarnings,9686215.0,9802617.0,9538106.0,10143717.0
ISAT,totalLiab,48554809.0,47693460.0,47735273.0,49105807.0
ISAT,totalRevenue,7140305.0,6928626.0,6523095.0,7264492.0
ISAT,operatingIncome,595300.0,562979.0,298572.0,147840.0
ISAT,netIncome,-116402.0,264511.0,-605611.0,1853586.0
ISAT,totalCashflowsFromInvestingActivities,-1706619.0,-871525.0,-1548068.0,-2057873.0
ISAT,totalCashFromFinancingActivities,-2408987.0,-1875174.0,-1681879.0,1331709.0
ISAT,totalCashFromOperatingActivities,3893961.0,2255438.0,2366270.0,5412135.0
ISAT,debtEquityRatio,3.951685078230325,3.8459741442521937,3.929827520786557,3.8595272284562068
ISAT,retainedEarningsEquityRatio,0.788322970851986,0.7904775943705281,0.7852288066935196,0.7972570730637643
ISAT,returnOnEquity,-0.009473501306042957,0.02133002023485593,-0.04985719416941572,0.14568471784376186
ISAT,operationalProfitMargin,0.08337178874011685,0.08125406105048823,0.04577152410013958,0.020351044505245514
ISAT,netProfitMargin,-0.016302104742024325,0.03817654467133888,-0.09284105167868933,0.2551570020312501
ISAT,earningPerShare,-21.421327884210193,48.67765897476266,-111.44990465184807,341.1133268120963
ISAT,bookValuePerShare,2261.1838212917073,2282.1196810313963,2235.3826064326668,2341.4489306827636
ITMG,totalAssets,1179.797,1228.667,1239.166,1209.041
ITMG,totalStockholderEquity,871.26,869.554,871.339,889.775
ITMG,retainedEarnings,506.073,496.713,525.559,513.245
ITMG,totalLiab,316.348,366.847,374.098,324.576
ITMG,totalRevenue,219.256,286.725,365.903,410.812
ITMG,operatingIncome,15.126,-10.531,51.392,34.146
ITMG,netIncome,10.106,14.476,15.404,28.207
ITMG,totalCashflowsFromInvestingActivities,-14.832,-8.901,-13.039,-44.505
ITMG,totalCashFromFinancingActivities,-7.394,-47.687,-14.669,-55.016
ITMG,totalCashFromOperatingActivities,26.747,36.268,97.728,-11.763
ITMG,debtEquityRatio,0.36309253265385766,0.42187949224544996,0.42933691708967464,0.36478435559551575
ITMG,retainedEarningsEquityRatio,0.580851869705943,0.571227318832413,0.6031624889968198,0.5768256019780281
ITMG,returnOnEquity,0.011599292977985905,0.016647614754230333,0.017678538433376675,0.031701272793683795
ITMG,operationalProfitMargin,0.0689878498193892,-0.03672857267416514,0.14045252430288901,0.08311831202593888
ITMG,netProfitMargin,0.046092239208961217,0.05048740081960066,0.04209858897030087,0.06866157755859127
ITMG,earningPerShare,0.009216093840518158,0.013201283834884314,0.014047566744443076,0.025723170290866387
ITMG,bookValuePerShare,0.7945392756273353,0.7929835012267887,0.7946113191077827,0.8114238963929393
JPFA,totalAssets,26798207.0,27796365.0,27643725.0,25185009.0
JPFA,totalStockholderEquity,10668174.0,10653501.0,10857608.0,10772224.0
JPFA,retainedEarnings,7218528.0,7137405.0,7614329.0,7266985.0
JPFA,totalLiab,15432813.0,16440998.0,16086152.0,13736841.0
JPFA,totalRevenue,8015050.0,7830710.0,9079512.0,9565183.0
JPFA,operatingIncome,381152.0,67651.0,553497.0,1152890.0
JPFA,netIncome,102075.0,-188762.0,343876.0,722109.0
JPFA,totalCashflowsFromInvestingActivities,-312671.0,-404162.0,-585847.0,-929845.0
JPFA,totalCashFromFinancingActivities,-604912.0,1049496.0,1715038.0,-910793.0
JPFA,totalCashFromOperatingActivities,821832.0,-535935.0,69114.0,1796000.0
JPFA,debtEquityRatio,1.4466217930078755,1.5432483650210387,1.4815557901887781,1.2752093718066018
JPFA,retainedEarningsEquityRatio,0.6766413821146899,0.6699586361328543,0.7012897315872888,0.6746039629328169
JPFA,returnOnEquity,0.009568179146684334,-0.01771830687395627,0.0316714326028348,0.06703434685353739
JPFA,operationalProfitMargin,0.04755453802533983,0.008639191082290111,0.06096109570646528,0.12052984245047899
JPFA,netProfitMargin,0.012735416497713677,-0.024105349323369146,0.03787384167783467,0.07549348506975768
JPFA,earningPerShare,10.942367385206978,-20.235152117231838,36.86326257120191,77.40957110129244
JPFA,bookValuePerShare,1143.620663603361,1142.0477284415374,1163.927853642541,1154.7747495835793
JRPT,totalAssets,11352613.85,11664690.691,11536658.093,11164935.1
JRPT,totalStockholderEquity,7320935.575,7028144.287,7172222.971,7087992.476
JRPT,retainedEarnings,6396986.338,6095400.343,6236517.087,6112628.179
JRPT,totalLiab,3701709.456,4314099.51,4046086.509,3762437.184
JRPT,totalRevenue,754580.074,518697.844,509007.159,669250.425
JRPT,operatingIncome,323028.363,214299.234,215671.26,292930.583
JRPT,netIncome,299306.134,195371.712,207183.988,276009.296
JRPT,totalCashflowsFromInvestingActivities,-17150.234,-52932.343,-63460.733,-195735.638
JRPT,totalCashFromFinancingActivities,-338958.419,-3862.537,55426.457,-1757.776
JRPT,totalCashFromOperatingActivities,227930.302,195580.999,122658.537,74880.075
JRPT,debtEquityRatio,0.5056333877108322,0.6138319496342464,0.5641328393386336,0.5308184506035585
JRPT,retainedEarningsEquityRatio,0.8737935571848001,0.867284462880863,0.8695375356031999,0.8623920242152356
JRPT,returnOnEquity,0.040883590756089945,0.02779847766662677,0.028886997634864804,0.03894040476687436
JRPT,operationalProfitMargin,0.4280902373788365,0.41314849575507395,0.4237096791009967,0.4376995098658323
JRPT,netProfitMargin,0.3966525811016844,0.376658037545265,0.40703550890528833,0.41241557074842344
JRPT,earningPerShare,21.94825299740886,14.326695234094002,15.192894729100747,20.23988542194297
JRPT,bookValuePerShare,536.8474879897748,515.3769715704179,525.9423260645084,519.7656661021804
KAEF,totalAssets,17687655.369,17513999.167,17199590.521,18352877.132
KAEF,totalStockholderEquity,6809330.534,6825636.577,6891022.262,7241893.93
KAEF,retainedEarnings,2069055.285,2073208.159,2050796.357,2456905.474
KAEF,totalLiab,10772392.368,10581167.93,10215698.608,10939950.304
KAEF,totalRevenue,2357885.336,2285524.075,2402279.275,2521630.418
KAEF,operatingIncome,138408.588,210438.571,151064.474,-6066.197
KAEF,netIncome,-11377.538,22411.802,26163.299,-54556.372
KAEF,totalCashflowsFromInvestingActivities,-89596.179,-138145.831,-148984.272,-86900.692
KAEF,totalCashFromFinancingActivities,174463.181,117758.285,-350952.853,584919.257
KAEF,totalCashFromOperatingActivities,44951.592,-58449.465,-159340.619,-499891.712
KAEF,debtEquityRatio,1.5820046206028395,1.5502096852995109,1.482464897020238,1.510647685501243
KAEF,retainedEarningsEquityRatio,0.3038559039936304,0.3037384331281252,0.2976040823883207,0.3392628361790988
KAEF,returnOnEquity,-0.0016708746833760326,0.0032834742587262715,0.0037967224607988064,-0.007533439805573071
KAEF,operationalProfitMargin,0.05870030483959038,0.09207453699650921,0.06288381020978503,-0.002405664587759585
KAEF,netProfitMargin,-0.004825314372284641,0.009805979401026435,0.010891031393508567,-0.02163535608174917
KAEF,earningPerShare,-2.0485304587647635,4.035254290761766,4.710712889139081,-9.822897516290528
KAEF,bookValuePerShare,1226.0228006002644,1228.9587104383531,1240.7314302736725,1303.9060203313454
KINO,totalAssets,5323967.062825,5266005.357054,5040467.975547,4695764.958883
KINO,totalStockholderEquity,2678025.785938,2622518.400519,2707679.951577,2616490.572536
KINO,retainedEarnings,1263452.52926,1220394.842595,1278170.621299,1220324.492285
KINO,totalLiab,2560504.510773,2558044.522979,2246311.142719,1992902.779331
KINO,totalRevenue,916980.329256,1080663.317144,1113042.44648,1195054.32534
KINO,operatingIncome,56390.289416,112030.654563,92399.277322,163061.676757
KINO,netIncome,43057.686665,60795.655796,57846.129014,73352.296013
KINO,totalCashflowsFromInvestingActivities,-104501.957919,-77436.283472,-135629.732337,-30031.562479
KINO,totalCashFromFinancingActivities,168870.685034,65260.384276,158785.500075,-13378.401121
KINO,totalCashFromOperatingActivities,-195968.273839,-9088.798261,29898.051393,94801.354655
KINO,debtEquityRatio,0.9561164512372918,0.975415281155991,0.8296073328056034,0.7616701547674236
KINO,retainedEarningsEquityRatio,0.4717850499775773,0.4653522516194671,0.47205380405264336,0.46639743521117144
KINO,returnOnEquity,0.016078144912230075,0.023182165579455405,0.02136372468256797,0.028034611239552153
KINO,operationalProfitMargin,0.061495636947580715,0.10366841622706044,0.08301505267315994,0.13644708303165046
KINO,netProfitMargin,0.04695595455132089,0.056257721374934844,0.05197117971281199,0.06137988412546086
KINO,earningPerShare,30.140410700419263,42.55700146525196,40.492330660407504,51.34665837604507
KINO,bookValuePerShare,1874.6199182153484,1835.764709702833,1895.3778548479322,1831.5452259100175
KLBF,totalAssets,22450538.569712,22091102.52424,22132154.299532,20264726.862584
KLBF,totalStockholderEquity,17055114.152163,16341562.083057,16437431.134691,15893126.390994
KLBF,retainedEarnings,16451065.267279,15811188.249451,15803749.090724,15361120.510782
KLBF,totalLiab,4547942.043296,4910431.690506,4875822.01075,3559144.386553
KLBF,totalRevenue,5491325.719567,5808899.010368,5795613.126647,5806668.654857
KLBF,operatingIncome,850011.757478,903268.386988,825656.153345,806835.209101
KLBF,netIncome,639877.017828,718257.658516,669269.022353,591297.514705
KLBF,totalCashflowsFromInvestingActivities,-186541.237078,-226790.689486,-342015.311845,-559457.674337
KLBF,totalCashFromFinancingActivities,-430169.461742,-376168.870347,296222.79837,37443.101437
KLBF,totalCashFromOperatingActivities,986491.385644,815427.685775,721339.44576,946588.214985
KLBF,debtEquityRatio,0.26666148363007064,0.3004872891311386,0.296629197761908,0.2239423697385195
KLBF,retainedEarningsEquityRatio,0.9645825363879261,0.9675444837580189,0.9614488396164519,0.966526039803379
KLBF,returnOnEquity,0.03751819026944761,0.04395281521224294,0.04071615673208911,0.03720460658011659
KLBF,operationalProfitMargin,0.15479172077685913,0.1554973473244764,0.14246226159382655,0.13894975881327773
KLBF,netProfitMargin,0.11652505251108204,0.12364781299072673,0.11547855381785975,0.101830765599206
KLBF,earningPerShare,13.651321598952464,15.323516885471482,14.278379135056214,12.614912411292515
KLBF,bookValuePerShare,363.8587442760857,348.6356177977687,350.68091590784104,339.0685608817687
LINK,totalAssets,7653749.0,7558351.0,6912232.0,6652974.0
LINK,totalStockholderEquity,4558167.0,4315600.0,4548945.0,4656413.0
LINK,retainedEarnings,3340962.0,3098395.0,3331740.0,3134037.0
LINK,totalLiab,3095580.0,3242749.0,2363285.0,1996559.0
LINK,totalRevenue,1023066.0,971485.0,958997.0,988630.0
LINK,operatingIncome,349775.0,329840.0,308563.0,344769.0
LINK,netIncome,242567.0,258638.0,197703.0,121676.0
LINK,totalCashflowsFromInvestingActivities,-652629.0,-396793.0,-329267.0,-704561.0
LINK,totalCashFromFinancingActivities,-289946.0,210660.0,-142815.0,119730.0
LINK,totalCashFromOperatingActivities,613719.0,685933.0,368818.0,608985.0
LINK,debtEquityRatio,0.6791282548445461,0.7514016590972287,0.5195237577064572,0.42877618458671946
LINK,retainedEarningsEquityRatio,0.7329617365928014,0.7179523125405506,0.7324203743945025,0.6730582102575523
LINK,returnOnEquity,0.053215908938834405,0.05993094818796923,0.04346128607842038,0.026130843634359753
LINK,operationalProfitMargin,0.34188898858920147,0.3395214542684653,0.32175595961196957,0.34873410679425065
LINK,netProfitMargin,0.2370980953330479,0.2662295351961173,0.20615601508659567,0.12307536692190203
LINK,earningPerShare,88.1555331625545,93.99617749362761,71.85071907075782,44.22041189892682
LINK,bookValuePerShare,1656.5635149421048,1568.4079817795505,1653.2119859755717,1692.2688190893646
LPPF,totalAssets,7443364.0,8680864.0,9216040.0,4832910.0
LPPF,totalStockholderEquity,793153.0,1051892.0,1315807.0,1746627.0
LPPF,retainedEarnings,4120647.0,5013712.0,5277627.15,5371581.0
LPPF,totalLiab,6650211.0,7628972.0,7900233.0,3086283.0
LPPF,totalRevenue,1075272.0,703975.0,1549172.0,2446587.0
LPPF,operatingIncome,-244533.0,-269056.0,-32889.0,270596.0
LPPF,netIncome,-258739.0,-263915.0,-93954.0,180363.0
LPPF,totalCashflowsFromInvestingActivities,-39026.0,-43809.0,-64030.0,-2548.0
LPPF,totalCashFromFinancingActivities,-660942.0,416959.0,1274063.0,-584237.0
LPPF,totalCashFromOperatingActivities,269985.0,-393059.0,-923941.0,1126728.0
LPPF,debtEquityRatio,8.384524801646089,7.252619090172756,6.004097105426555,1.766996044375817
LPPF,retainedEarningsEquityRatio,5.195273799632606,4.766375255254342,4.010943208236466,3.075402475743247
LPPF,returnOnEquity,-0.3262157490421142,-0.2508955291988151,-0.07140408889753588,0.10326360465056363
LPPF,operationalProfitMargin,-0.2274150168515501,-0.382195390461309,-0.0212300506334997,0.11060142149042727
LPPF,netProfitMargin,-0.24062655774538907,-0.37489257431016726,-0.06064788157803007,0.07372024783913264
LPPF,earningPerShare,-98.52408068200212,-100.49502685405211,-35.776328564293856,68.67962991295455
LPPF,bookValuePerShare,302.0212266615084,400.54530734351056,501.0403341975627,665.0903786030066
LSIP,totalAssets,10541461.0,10379890.0,10470589.0,10225322.0
LSIP,totalStockholderEquity,8659326.0,8576939.0,8578860.0,8495878.0
LSIP,retainedEarnings,6937329.0,6855707.0,6855045.0,6775153.0
LSIP,totalLiab,1879919.0,1800577.0,1889266.0,1726822.0
LSIP,totalRevenue,711777.0,755814.0,810016.0,1113286.0
LSIP,operatingIncome,197349.0,63903.0,-616.0,271050.0
LSIP,netIncome,185069.0,10949.0,81040.0,201368.0
LSIP,totalCashflowsFromInvestingActivities,-92987.0,-82610.0,-94383.0,-201222.0
LSIP,totalCashFromFinancingActivities,-104899.0,-2645.0,-2725.0,-275.0
LSIP,totalCashFromOperatingActivities,255881.0,366543.0,276287.0,-93011.0
LSIP,debtEquityRatio,0.21709761244697334,0.20993235465473173,0.22022343295029875,0.20325409569205208
LSIP,retainedEarningsEquityRatio,0.8011396037058773,0.7993186147179081,0.7990624628447136,0.7974635464398147
LSIP,returnOnEquity,0.021372217652967446,0.0012765626524800981,0.009446476571479194,0.0237018469427174
LSIP,operationalProfitMargin,0.2772624010048091,0.08454857941239512,-0.0007604788053569312,0.243468434885555
LSIP,netProfitMargin,0.26000980644218624,0.01448636833930041,0.10004740647098329,0.18087715106450633
LSIP,earningPerShare,27.1363755059211,1.60543459690348,11.882767351635584,29.526272162687
LSIP,bookValuePerShare,1269.703310463588,1257.6230346269738,1257.9047078264123,1245.7371880784679
MAPI,totalAssets,18488720.0,18746243.0,19345344.0,13937115.0
MAPI,totalStockholderEquity,5280333.0,5457497.0,5914573.0,6171002.0
MAPI,retainedEarnings,2787355.0,2984750.0,3400766.0,3636664.0
MAPI,totalLiab,12089782.0,12151566.0,12233798.0,6566570.0
MAPI,totalRevenue,3377483.0,2083489.0,4708489.0,6168887.0
MAPI,operatingIncome,-128936.0,-492291.0,161362.0,588873.0
MAPI,netIncome,-197395.0,-416016.0,8079.0,290651.0
MAPI,totalCashflowsFromInvestingActivities,-96799.0,-28958.0,-158840.0,-330962.0
MAPI,totalCashFromFinancingActivities,-420176.0,145106.0,1140554.0,1672.0
MAPI,totalCashFromOperatingActivities,151941.0,71029.0,-889445.0,1255710.0
MAPI,debtEquityRatio,2.289587039302256,2.2265822592298266,2.0684160969862067,1.0641010973582572
MAPI,retainedEarningsEquityRatio,0.5278748518322613,0.5469082255107057,0.5749808143377383,0.5893149929298354
MAPI,returnOnEquity,-0.037383058985105674,-0.07622835156849377,0.0013659481419875958,0.047099482385518594
MAPI,operationalProfitMargin,-0.03817517364262085,-0.23628202500709147,0.03427044217369946,0.09545854868147204
MAPI,netProfitMargin,-0.05844440963877538,-0.19967276045133908,0.001715837076395421,0.047115630420852254
MAPI,earningPerShare,-11.9346905036036,-25.152725269369313,0.4884640673705691,17.573037460740597
MAPI,bookValuePerShare,319.25398369241725,329.9654885855525,357.6007407278313,373.1046833360461
MDKA,totalAssets,941.746406,941.575944,951.253163,963.64442
MDKA,totalStockholderEquity,521.68008,500.113593,492.948897,479.585225
MDKA,retainedEarnings,190.291837,167.000009,152.026401,147.388634
MDKA,totalLiab,387.936495,407.150577,427.008847,441.476078
MDKA,totalRevenue,95.02453,103.786439,77.749773,132.5176
MDKA,operatingIncome,34.36547,29.397833,11.68482,45.526316
MDKA,netIncome,23.291828,14.973608,4.637767,23.936576
MDKA,totalCashflowsFromInvestingActivities,-10.346645,-7.299245,-44.464051,-49.024898
MDKA,totalCashFromFinancingActivities,-16.396251,-16.075263,5.653357,49.504396
MDKA,totalCashFromOperatingActivities,18.195567,37.475274,25.373247,22.293142
MDKA,debtEquityRatio,0.7436291126929746,0.8141161981973963,0.866233497221924,0.9205372788538262
MDKA,retainedEarningsEquityRatio,0.3647673052802783,0.33392415510689794,0.30840194982726576,0.307325218369686
MDKA,returnOnEquity,0.044647723562686155,0.02994041395711474,0.009408210522885095,0.04991099548573457
MDKA,operationalProfitMargin,0.36164840804790094,0.2832531232717214,0.15028751273653235,0.3435492040302572
MDKA,netProfitMargin,0.24511384586695667,0.14427326097969312,0.05964991048912773,0.18062941073487598
MDKA,earningPerShare,0.0010636703149887754,0.0006838013030955942,0.00021179338460401427,0.0010931140884980243
MDKA,bookValuePerShare,0.023823618095452602,0.02283873910611388,0.022511548193871234,0.021901268004371005
MIKA,totalAssets,5877151.314983,5858822.121247,5804806.592881,5576085.408175
MIKA,totalStockholderEquity,4496417.897901,4264804.576625,4474406.314677,4295673.249265
MIKA,retainedEarnings,2990617.938741,2761209.43401,2972118.024599,2776960.537338
MIKA,totalLiab,822412.970801,1059455.746037,818319.129462,783434.418324
MIKA,totalRevenue,874514.61044,566634.890678,874716.470732,822118.57316
MIKA,operatingIncome,302098.431551,86735.925323,261828.643913,214715.204994
MIKA,netIncome,236701.638045,89971.986267,198771.077518,198352.760288
MIKA,totalCashflowsFromInvestingActivities,-64899.742659,84566.740178,-80483.93533,-227008.033458
MIKA,totalCashFromFinancingActivities,-299060.1579,-1799.999989,-11698.160205,4595.530257
MIKA,totalCashFromOperatingActivities,347257.84702,93507.938255,318386.517746,177131.55932
MIKA,debtEquityRatio,0.18290403371646471,0.24841835704355114,0.18288887327414588,0.18237756292521723
MIKA,retainedEarningsEquityRatio,0.6651112077765432,0.6474410220679123,0.6642485763641589,0.6464552530416843
MIKA,returnOnEquity,0.052642268450069134,0.021096391323562197,0.044424011486392904,0.04617501117477653
MIKA,operationalProfitMargin,0.3454469804672598,0.15307198118212803,0.2993297287450077,0.2611730375688913
MIKA,netProfitMargin,0.2706663047354999,0.15878299721244685,0.22724057928354763,0.24127025804268837
MIKA,earningPerShare,16.621138861527495,6.317813808736507,13.95766293959499,13.928288792354495
MIKA,bookValuePerShare,315.7375119062839,299.4736735699555,314.1918631970061,301.6412652210236
MNCN,totalAssets,18435148.0,18393876.0,18329957.0,17836430.0
MNCN,totalStockholderEquity,13615013.0,12560570.0,11699547.0,11629738.0
MNCN,retainedEarnings,12066176.0,11648810.0,11004577.0,10692594.0
MNCN,totalLiab,4463455.0,4886121.0,5713881.0,5310928.0
MNCN,totalRevenue,1995422.0,1951132.0,2015796.0,2082280.0
MNCN,operatingIncome,679337.0,755284.0,778682.0,800222.0
MNCN,netIncome,417366.0,644233.0,311983.0,568314.0
MNCN,totalCashflowsFromInvestingActivities,-492029.0,-60898.0,-332388.0,-496228.0
MNCN,totalCashFromFinancingActivities,194174.0,-253004.0,-39110.0,-107493.0
MNCN,totalCashFromOperatingActivities,413773.0,377196.0,377303.0,501723.0
MNCN,debtEquityRatio,0.3278333263435004,0.38900471873489817,0.48838480669379764,0.4566678974195291
MNCN,retainedEarningsEquityRatio,0.8862405052422645,0.9274109375609546,0.9405985547987457,0.9194183050383422
MNCN,returnOnEquity,0.030654836686531257,0.05129010864952785,0.02666624613756413,0.04886730896259228
MNCN,operationalProfitMargin,0.3404477849798188,0.3871004114534537,0.38629008094073014,0.38430086251608814
MNCN,netProfitMargin,0.2091617712944931,0.3301842212623236,0.154769133384529,0.27292871275717
MNCN,earningPerShare,31.72968988642526,48.97694901980852,23.718088775407224,43.20530895692003
MNCN,bookValuePerShare,1035.063086810254,954.9004731979521,889.4423554426019,884.1352199277744
MTDL,totalAssets,5780405.0,5559709.0,5155340.0,5625277.0
MTDL,totalStockholderEquity,2285486.0,2173856.0,2193106.0,2098854.0
MTDL,retainedEarnings,1811129.0,1699499.0,1718749.0,1624497.0
MTDL,totalLiab,2466288.0,2380717.0,1987062.0,2582422.0
MTDL,totalRevenue,3829796.0,2812435.0,3395313.0,4846055.0
MTDL,operatingIncome,205500.0,135591.0,179635.0,230893.0
MTDL,netIncome,111630.0,61777.0,94252.0,98287.0
MTDL,totalCashflowsFromInvestingActivities,7283.0,4272.0,-3781.0,-18194.0
MTDL,totalCashFromFinancingActivities,-125591.0,-201328.0,33197.0,120292.0
MTDL,totalCashFromOperatingActivities,502934.0,780857.0,22221.0,86313.0
MTDL,debtEquityRatio,1.079108775989002,1.0951585569605347,0.9060492288106458,1.2303962066918424
MTDL,retainedEarningsEquityRatio,0.7924480832523149,0.7817900541710214,0.7837053931729702,0.7739923786980896
MTDL,returnOnEquity,0.0488430031949441,0.028418165692667776,0.042976490876409985,0.04682888852678652
MTDL,operationalProfitMargin,0.053658210515651485,0.04821124754883224,0.0529067570500864,0.0476455591197376
MTDL,netProfitMargin,0.029147766617334186,0.02196566320643855,0.027759443680155555,0.020281858129963446
MTDL,earningPerShare,44.8951537509828,24.84536337252051,37.90610079134311,39.528889874790345
MTDL,bookValuePerShare,919.1726719136313,874.2775181626486,882.019448734237,844.1133479428939
MYOR,totalAssets,19002549.750564,18350730.146868,19474546.511239,19037918.806473
MYOR,totalStockholderEquity,10556702.115469,10600458.937868,10591340.81646,9662866.0798
MYOR,retainedEarnings,10116686.719679,10157800.024114,10150719.370907,9219327.921684
MYOR,totalLiab,8189388.934477,7489102.642184,8627693.821944,9137978.611155
MYOR,totalRevenue,6498657.007052,5702740.878042,5379573.546423,7067423.414318
MYOR,operatingIncome,699265.923489,486283.550231,730144.818903,1233013.785157
MYOR,netIncome,618100.087315,7080.653207,931391.449223,891757.881839
MYOR,totalCashflowsFromInvestingActivities,-315215.005605,-188508.310023,-416322.983039,-476329.460981
MYOR,totalCashFromFinancingActivities,-399121.550356,-687756.410255,-790987.179486,-92987.179486
MYOR,totalCashFromOperatingActivities,488436.968193,998271.553251,1471215.55938,1534157.926113
MYOR,debtEquityRatio,0.7757525830417137,0.7064885290419544,0.8145988285577311,0.9456799396462436
MYOR,retainedEarningsEquityRatio,0.9583188583918425,0.9582415330931862,0.9583979542166907,0.954098695516105
MYOR,returnOnEquity,0.05855049053712357,0.0006679572317105816,0.08793895554522471,0.09228709934241967
MYOR,operationalProfitMargin,0.10760160487469848,0.08527190006184576,0.1357254088269673,0.17446439994793841
MYOR,netProfitMargin,0.09511197261899965,0.0012416228193470186,0.1731348110004562,0.12617864100690138
MYOR,earningPerShare,27.644723376636502,0.3166844710922254,41.65677937529967,39.884155443924
MYOR,bookValuePerShare,472.15186624454566,474.10890407043496,473.70109318476807,432.1747647083246
PGAS,totalAssets,7500.85668,7556.167492,7936.224238,7373.713156
PGAS,totalStockholderEquity,2536.777675,2507.777209,2599.700827,2560.866153
PGAS,retainedEarnings,2714.493539,2667.957369,2776.585629,2728.810783
PGAS,totalLiab,4259.53524,4354.081415,4654.545414,4139.412275
PGAS,totalRevenue,681.906256,595.357738,873.809721,1036.858806
PGAS,operatingIncome,107.312044,35.986112,172.190991,7.502547
PGAS,netIncome,46.536155,-41.053149,47.774844,-61.522831
PGAS,totalCashflowsFromInvestingActivities,-66.470521,71.033809,100.687425,-60.883624
PGAS,totalCashFromFinancingActivities,-183.708627,-213.107702,89.026516,189.387341
PGAS,totalCashFromOperatingActivities,211.64546,-16.956718,181.68023,-56.735296
PGAS,debtEquityRatio,1.6791125536848635,1.736231352360137,1.7904157915629266,1.6164110217751
PGAS,retainedEarningsEquityRatio,1.07005575054976,1.0638733614075206,1.068040445332366,1.0655811822899282
PGAS,returnOnEquity,0.018344593402336688,-0.01637033339830468,0.018377054584058108,-0.024024227477850536
PGAS,operationalProfitMargin,0.1573706694370025,0.060444518821388016,0.1970577653942122,0.00723584248557754
PGAS,netProfitMargin,0.06824421185541961,-0.06895543028954466,0.054674196054177344,-0.05933578481851655
PGAS,earningPerShare,0.0019196894965482633,-0.001693506885894007,0.0019707873636322514,-0.002537913423844619
PGAS,bookValuePerShare,0.10464606407159387,0.10344974929279005,0.10724174293642724,0.1056397516292452
POWR,totalAssets,1310.411094,1346.92052,1297.137444,1324.811462
POWR,totalStockholderEquity,662.078929,694.570937,660.783342,659.64129
POWR,retainedEarnings,253.040941,285.439153,252.324135,249.079723
POWR,totalLiab,648.332165,652.349583,636.354102,665.170172
POWR,totalRevenue,110.144815,101.359503,130.270496,148.504524
POWR,operatingIncome,34.125183,21.62743,43.207022,45.804019
POWR,netIncome,12.283236,33.115018,3.244412,34.675014
POWR,totalCashflowsFromInvestingActivities,-4.346627,2.726119,-13.855119,59.611814
POWR,totalCashFromFinancingActivities,-44.681448,-0.335712,-1.003971,-30.077618
POWR,totalCashFromOperatingActivities,25.909618,57.337719,25.872744,43.104822
POWR,debtEquityRatio,0.9792369710047063,0.9392123226716583,0.9630298791642361,1.0083816493658242
POWR,retainedEarningsEquityRatio,0.3821915030315064,0.4109575247027648,0.38185607741909455,0.37759874461466775
POWR,returnOnEquity,0.018552525177855342,0.04767694159941507,0.004909948229294195,0.05256646987637781
POWR,operationalProfitMargin,0.309821056942172,0.21337348112292934,0.3316715858669948,0.30843517602197756
POWR,netProfitMargin,0.11151896709799732,0.32670856722728797,0.024905194189173887,0.23349466444537403
POWR,earningPerShare,0.0007799672035648486,0.0021027543544274185,0.0002060153329995644,0.0022018117785209024
POWR,bookValuePerShare,0.04204102654962747,0.044104220696346355,0.04195875870348619,0.041886240101322594
PTBA,totalAssets,24505423.0,26892528.0,27728615.0,26098052.0
PTBA,totalStockholderEquity,16411718.0,15790959.0,19755560.0,18258275.0
PTBA,retainedEarnings,14939508.0,14495315.0,17929003.0,17057049.0
PTBA,totalLiab,7925952.0,10925654.0,7802775.0,7675226.0
PTBA,totalRevenue,3836389.0,3889986.0,5122490.0,5533511.0
PTBA,operatingIncome,429485.0,279952.0,1080094.0,932457.0
PTBA,netIncome,439370.0,385576.0,903249.0,955624.0
PTBA,totalCashflowsFromInvestingActivities,-1005085.0,287112.0,1559552.0,24259.0
PTBA,totalCashFromFinancingActivities,-3616503.0,-147012.0,-58906.0,152508.0
PTBA,totalCashFromOperatingActivities,1343019.0,1046272.0,1187581.0,375428.0
PTBA,debtEquityRatio,0.4829446862296805,0.6918930002921292,0.3949660247545501,0.42036972276953877
PTBA,retainedEarningsEquityRatio,0.9102951927397241,0.9179502650852301,0.9075421299117818,0.9342092284183473
PTBA,returnOnEquity,0.026771724934586374,0.024417516377567696,0.04572125518081998,0.052339227008027865
PTBA,operationalProfitMargin,0.11195032620518931,0.07196735412415366,0.21085331547743383,0.16851091467966722
PTBA,netProfitMargin,0.11452696793781861,0.09912015107509384,0.1763300660421006,0.17269758748107666
PTBA,earningPerShare,39.28523367358952,34.475369868056426,80.76188185455551,85.44486911735055
PTBA,bookValuePerShare,1467.4151093953963,1411.9114055239809,1766.3968658593399,1632.5206542359688
PTPP,totalAssets,54016133.731397,54119100.261111,54729091.22895,59165548.433821
PTPP,totalStockholderEquity,10927317.779394,10896274.124795,10838213.178861,13434451.825855
PTPP,retainedEarnings,3392428.13649,3375603.938994,3258253.032286,5904243.297708
PTPP,totalLiab,39763288.587451,39919419.325313,40565043.348808,41839415.194726
PTPP,totalRevenue,3274066.505696,3336450.325544,3409470.614846,8597228.652187
PTPP,operatingIncome,220750.406188,137372.26709,121076.657896,1042607.277797
PTPP,netIncome,10423.090575,2624.558887,13319.845122,385854.29641
PTPP,totalCashflowsFromInvestingActivities,-427095.467672,-218010.076781,-563159.684864,-890795.505325
PTPP,totalCashFromFinancingActivities,1199021.782096,181370.755749,345504.707045,1438154.692035
PTPP,totalCashFromOperatingActivities,-205741.989369,-1965363.975841,-1938226.723848,4221789.99167
PTPP,debtEquityRatio,3.6388882789181745,3.663584347100302,3.742779614994713,3.114337357197173
PTPP,retainedEarningsEquityRatio,0.3104538739494894,0.3097943297253003,0.30062640201993274,0.43948524094932623
PTPP,returnOnEquity,0.0009538562697110504,0.00024086755316000077,0.0012289705786539804,0.02872125349152036
PTPP,operationalProfitMargin,0.06742392245360726,0.041173179183359124,0.03551186432544421,0.12127248442226521
PTPP,netProfitMargin,0.003183530498499835,0.0007866320882724582,0.003906719437322863,0.04488124162102456
PTPP,earningPerShare,1.6811707573287218,0.4233227774394177,2.14839676870543,62.23556775665271
PTPP,bookValuePerShare,1762.4990375520572,1757.4919157260574,1748.1270959785245,2166.88201909527
PWON,totalAssets,26046376.431,26492459.196,26562184.937,26095153.343
PWON,totalStockholderEquity,14323612.942,14187784.234,13811705.373,14971364.155
PWON,retainedEarnings,12750810.663,12616097.084,12236723.293,13401006.038
PWON,totalLiab,8808572.784,9458926.481,9801218.396,7999510.286
PWON,totalRevenue,1072528.081,323599.575,1650559.559,1961586.538
PWON,operatingIncome,454647.407,-103032.327,847661.574,805338.905
PWON,netIncome,118143.282,415789.236,66763.833,569356.749
PWON,totalCashflowsFromInvestingActivities,-158516.751,-69999.25,-208574.845,-228481.341
PWON,totalCashFromFinancingActivities,-174134.725,-295625.537,-431480.859,-123297.753
PWON,totalCashFromOperatingActivities,145932.81,52096.025,633174.011,75871.993
PWON,debtEquityRatio,0.6149686409195907,0.6666951177853668,0.7096312968824288,0.5343207341148266
PWON,retainedEarningsEquityRatio,0.8901951424288913,0.8892225083157408,0.8859675878201924,0.8951092164520262
PWON,returnOnEquity,0.00824814817870272,0.029306143168120018,0.004833858759434167,0.0380297174729967
PWON,operationalProfitMargin,0.4239025672652761,-0.3183945065440831,0.5135601253392881,0.41055486943803654
PWON,netProfitMargin,0.11015402215841844,1.284888078113205,0.0404492116845812,0.29025318943129896
PWON,earningPerShare,2.453161613911433,8.63356913711574,1.3863037283253514,11.822289829972783
PWON,bookValuePerShare,297.4196826683671,294.59929570355615,286.790284391269,310.8697780457426
RALS,totalAssets,4771933.0,5464798.0,5777187.0,5649823.0
RALS,totalStockholderEquity,3735979.0,4169102.0,4188400.0,4168930.0
RALS,retainedEarnings,3608216.0,4045918.0,4053853.0,4040557.0
RALS,totalLiab,1035954.0,1295696.0,1588787.0,1480893.0
RALS,totalRevenue,428099.0,557674.0,916134.0,1170121.0
RALS,operatingIncome,-154091.0,-20789.0,-48129.0,6373.0
RALS,netIncome,-100578.0,-7935.0,13296.0,35475.0
RALS,totalCashflowsFromInvestingActivities,49016.0,1077451.0,-889606.0,1121338.0
RALS,totalCashFromFinancingActivities,-332932.0,-3620.0,-700.0,5.0
RALS,totalCashFromOperatingActivities,-89380.0,8431.0,-156736.0,186075.0
RALS,debtEquityRatio,0.2772911732105561,0.3107853921539938,0.3793302931907172,0.3552213637552082
RALS,retainedEarningsEquityRatio,0.9658020026343831,0.9704531095665205,0.9678762773374081,0.9692072066453502
RALS,returnOnEquity,-0.026921457534959378,-0.001903287566483142,0.0031744819023970965,0.008509377706030084
RALS,operationalProfitMargin,-0.3599424432199094,-0.03727805133465071,-0.05253489118404076,0.00544644528215458
RALS,netProfitMargin,-0.2349409832772326,-0.014228742957355014,0.014513160738494587,0.03031737743361584
RALS,earningPerShare,-14.932566443391071,-1.178089788306669,1.9740241745841802,5.266885348478775
RALS,bookValuePerShare,554.67154495629,618.9762435549982,621.8413697975617,618.9507071411873
ROTI,totalAssets,4006505.767891,4829554.855889,4665841.769904,4682083.844951
ROTI,totalStockholderEquity,2695182.372025,2807355.743428,2880413.790474,3069195.537015
ROTI,retainedEarnings,1542958.90228,1656736.685915,1643142.465797,1565296.764733
ROTI,totalLiab,1311264.320312,2029935.605152,1775690.265231,1589486.465854
ROTI,totalRevenue,765955.750448,761236.135305,912872.8079,874446.781851
ROTI,operatingIncome,31447.413848,11966.274995,110293.762376,99619.854274
ROTI,netIncome,35750.958353,13594.220118,77845.701064,89293.188078
ROTI,totalCashflowsFromInvestingActivities,-134040.904159,-141716.561672,-69955.948046,-80079.29137
ROTI,totalCashFromFinancingActivities,-518698.333129,351153.4723,-266294.430487,8813.908971
ROTI,totalCashFromOperatingActivities,216210.045919,-115554.335096,178193.571747,184815.227349
ROTI,debtEquityRatio,0.486521555618069,0.7230774403650357,0.6164705470802488,0.5178837407667688
ROTI,retainedEarningsEquityRatio,0.5724877538141184,0.5901413420060528,0.5704536171959533,0.5100022940393549
ROTI,returnOnEquity,0.01326476409317669,0.00484235749239261,0.027025874310645393,0.029093352639514024
ROTI,operationalProfitMargin,0.0410564367845097,0.01571953095763845,0.12082051455746949,0.11392328994924995
ROTI,netProfitMargin,0.046674965664908995,0.017858085668191886,0.08527551745470278,0.10211391925874223
ROTI,earningPerShare,6.3471051467799615,2.4134722103240365,13.820464475368317,15.852812895985108
ROTI,bookValuePerShare,478.4936318652566,498.4085157107101,511.3789961616334,544.8946737906764
SCMA,totalAssets,6891163.811,6788783.649,7187914.863,6716724.073
SCMA,totalStockholderEquity,4974687.494,5031953.387,5191564.197,4908127.564
SCMA,retainedEarnings,4715501.321,4402806.635,4113408.208,3801887.824
SCMA,totalLiab,1319569.611,1154596.97,1399388.541,1228125.546
SCMA,totalRevenue,1223618.477,1056905.263,1304414.264,1378065.048
SCMA,operatingIncome,378137.531,360398.623,440234.61,230935.465
SCMA,netIncome,312694.686,289398.427,311520.384,62745.281
SCMA,totalCashflowsFromInvestingActivities,-117853.654,-165913.813,-43132.313,-88282.934
SCMA,totalCashFromFinancingActivities,-352578.871,-428198.519,-28723.842,-376805.978
SCMA,totalCashFromOperatingActivities,547265.359,445396.081,376731.33,278886.497
SCMA,debtEquityRatio,0.26525678499233185,0.22945303368327882,0.2695504645418141,0.25022282530063433
SCMA,retainedEarningsEquityRatio,0.947899004045459,0.8749696780527827,0.7923254055833455,0.7746106380539053
SCMA,returnOnEquity,0.06285715160543108,0.0575121438421226,0.06000511063313353,0.012783954814097004
SCMA,operationalProfitMargin,0.3090322172374323,0.3409942552249359,0.33749601039321353,0.167579509643002
SCMA,netProfitMargin,0.2555491698414423,0.27381680944472697,0.23882012992154772,0.045531436336087965
SCMA,earningPerShare,22.01067771635412,20.370846686907996,21.928018227655073,4.416660148529283
SCMA,bookValuePerShare,350.16982402448417,354.2007883209552,365.4358436520721,345.4846495279368
SIDO,totalAssets,3699613.0,3444139.0,3736043.0,3536898.0
SIDO,totalStockholderEquity,3304653.0,3077608.0,3296328.0,3064700.0
SIDO,retainedEarnings,1157498.0,930453.0,1149173.0,917545.0
SIDO,totalLiab,394953.0,366524.0,439708.0,472191.0
SIDO,totalRevenue,797564.0,728994.0,730716.0,938828.0
SIDO,operatingIncome,276736.0,221412.766,285760.234,300487.0
SIDO,netIncome,227014.0,182257.0,231534.0,229244.0
SIDO,totalCashflowsFromInvestingActivities,-31721.0,-6818.0,-26989.0,-26616.0
SIDO,totalCashFromFinancingActivities,-1515.0,-401878.0,-401878.0,-327456.0
SIDO,totalCashFromOperatingActivities,278727.0,143827.0,209403.0,260187.0
SIDO,debtEquityRatio,0.11951421223347806,0.11909378972240779,0.1333932788241947,0.15407413449929847
SIDO,retainedEarningsEquityRatio,0.35026309872776357,0.3023299263583926,0.34862216381379524,0.29939145756517765
SIDO,returnOnEquity,0.0686952608942603,0.05922034255174798,0.07023997611888137,0.07480144875517995
SIDO,operationalProfitMargin,0.3469765435751864,0.30372371514717544,0.3910688064856935,0.32006608239208884
SIDO,netProfitMargin,0.28463421117302184,0.2500116599039224,0.3168590806825087,0.24418104274691424
SIDO,earningPerShare,7.625929295994609,6.122437363775315,7.77776662945376,7.700840192811845
SIDO,bookValuePerShare,111.01099547074838,103.38402481251102,110.73133932007417,102.95041501156174
SILO,totalAssets,8711067.0,8628200.0,8924235.0,7741782.0
SILO,totalStockholderEquity,5851701.0,5775618.0,5921855.0,5941276.0
SILO,retainedEarnings,123902.0,42655.0,188892.0,208313.0
SILO,totalLiab,2807179.0,2805507.0,2952706.0,1754101.0
SILO,totalRevenue,1825551.0,1299435.0,1876316.0,1802223.0
SILO,operatingIncome,167487.0,-107428.0,112366.0,-152522.0
SILO,netIncome,81247.0,-146237.0,16195.0,-381652.0
SILO,totalCashflowsFromInvestingActivities,-3640.0,-50281.0,-122950.0,-141195.0
SILO,totalCashFromFinancingActivities,-180668.0,-19100.0,-110951.0,-2236.0
SILO,totalCashFromOperatingActivities,431735.0,24742.0,417098.0,294312.0
SILO,debtEquityRatio,0.47972017025476865,0.48575009635332533,0.4986116681343937,0.2952397767752247
SILO,retainedEarningsEquityRatio,0.021173672407390605,0.007385356857049757,0.03189743754279698,0.0350619967831826
SILO,returnOnEquity,0.013884338929825704,-0.025319714704123437,0.002734784961806731,-0.06423737931043769
SILO,operationalProfitMargin,0.09174599887924248,-0.082672853971149,0.05988650099450199,-0.08462992648523518
SILO,netProfitMargin,0.04450546711650345,-0.11253891114215024,0.008631275328889163,-0.21176735620397696
SILO,earningPerShare,50.00953943336511,-90.01249299195065,9.968423340226076,-234.91625221636076
SILO,bookValuePerShare,3601.8668001496926,3555.035830529784,3645.048323521735,3657.0024297082446
SIMP,totalAssets,35521890.0,34922234.0,35315876.0,34910838.0
SIMP,totalStockholderEquity,14205944.0,14078491.0,14335693.0,14484953.0
SIMP,retainedEarnings,8746139.0,8619141.0,8874805.0,8927905.0
SIMP,totalLiab,18031171.0,17530683.0,17610664.0,17129515.0
SIMP,totalRevenue,3440547.0,3556205.0,3316389.0,3555814.0
SIMP,operatingIncome,486343.0,167721.0,25676.0,547713.0
SIMP,netIncome,128240.0,-248951.0,-51863.0,-76194.0
SIMP,totalCashflowsFromInvestingActivities,-406878.0,-343571.0,-382902.0,-599477.0
SIMP,totalCashFromFinancingActivities,-62419.0,120907.0,-189183.0,71841.0
SIMP,totalCashFromOperatingActivities,296296.0,871281.0,833269.0,408599.0
SIMP,debtEquityRatio,1.2692694691743118,1.2452103709126212,1.2284487397993247,1.1825730466643558
SIMP,retainedEarningsEquityRatio,0.6156675684488127,0.6122205142582398,0.6190705255755686,0.6163571949456792
SIMP,returnOnEquity,0.009027207202844105,-0.01768307413060107,-0.0036177532540631278,-0.0052602172751268165
SIMP,operationalProfitMargin,0.14135630177410743,0.04716291664850592,0.0077421557000701665,0.15403308497013624
SIMP,netProfitMargin,0.03727314290431143,-0.07000468195731123,-0.015638394651532134,-0.02142800495189006
SIMP,earningPerShare,8.272854979342908,-16.060008733331223,-3.345719571067227,-4.91532994616386
SIMP,bookValuePerShare,916.4357030307743,908.2136179895843,924.8059046894982,934.4347750436524
SMBR,totalAssets,5738758.417,5609669.373,5650892.77,5571270.204
SMBR,totalStockholderEquity,3351665.9,3327800.926,3405416.192,3482255.377
SMBR,retainedEarnings,1140551.679,1115888.491,1192705.541,1267929.24
SMBR,totalLiab,2387058.641,2281834.085,2245439.977,2088977.112
SMBR,totalRevenue,478407.449,336058.777,335767.595,575667.517
SMBR,operatingIncome,76577.901,-23226.781,-9812.763,63638.488
SMBR,netIncome,25022.564,-73459.07,-64165.647,7349.492
SMBR,totalCashflowsFromInvestingActivities,-41494.211,-34711.886,-19227.285,-89123.27
SMBR,totalCashFromFinancingActivities,74155.114,-60131.553,-60905.151,-61207.402
SMBR,totalCashFromOperatingActivities,94954.921,73322.083,-30758.971,202073.923
SMBR,debtEquityRatio,0.7122006525173049,0.6856882775565404,0.6593731427820733,0.5998919912070538
SMBR,retainedEarningsEquityRatio,0.3402939651592362,0.33532309047743797,0.35023781933083614,0.36411150324429525
SMBR,returnOnEquity,0.007465709514781888,-0.02207435830252546,-0.018842233484041647,0.0021105551443879643
SMBR,operationalProfitMargin,0.16006837092538664,-0.06911523396991949,-0.029224866086317833,0.1105472970433383
SMBR,netProfitMargin,0.052303876229987376,-0.21858994624621872,-0.19110136879051715,0.012766904129489037
SMBR,earningPerShare,2.519253947969019,-7.395806924967103,-6.460151706625125,0.7399416277471295
SMBR,bookValuePerShare,337.44333917372074,335.0406305636967,342.8548803461397,350.59099484543606
SMGR,totalAssets,80217435.0,78299047.0,79283912.0,79807067.0
SMGR,totalStockholderEquity,33652930.0,32723875.0,33003399.0,32276815.0
SMGR,retainedEarnings,30993727.0,30147537.0,30220742.0,29774283.0
SMGR,totalLiab,44903906.0,43928163.0,44563883.0,45915143.0
SMGR,totalRevenue,9598994.0,7445904.0,8580035.0,12245080.941
SMGR,operatingIncome,1853271.0,951942.0,1165296.0,1822645.254
SMGR,netIncome,929328.0,166010.0,446459.0,1097193.627
SMGR,totalCashflowsFromInvestingActivities,-348910.0,-256484.0,-360589.0,-385002.87
SMGR,totalCashFromFinancingActivities,-1286290.0,-893487.0,-1452673.0,-2969742.043
SMGR,totalCashFromOperatingActivities,2723526.0,1260344.0,1097724.0,4203225.677
SMGR,debtEquityRatio,1.3343238166780722,1.3423887910585162,1.3502816179630468,1.4225425587995593
SMGR,retainedEarningsEquityRatio,0.9209815311772259,0.9212703874464745,0.9156857449743282,0.9224665754660117
SMGR,returnOnEquity,0.027615069475377032,0.005073054459473396,0.013527667256333203,0.033993243354401605
SMGR,operationalProfitMargin,0.19306929455315838,0.12784774018037298,0.1358148305921829,0.14884713811055894
SMGR,netProfitMargin,0.09681514542044718,0.022295479501213016,0.052034636222346414,0.08960280722410621
SMGR,earningPerShare,156.6761926771215,27.987766156113814,75.26890000778518,184.97680055692047
SMGR,bookValuePerShare,5673.575900897941,5516.945733521467,5564.070920841638,5441.575510415919
SMRA,totalAssets,24926752.675,25751657.691,25768518.093,24441657.276
SMRA,totalStockholderEquity,7144052.101,7164592.477,7185802.635,7367645.98
SMRA,retainedEarnings,5904369.628,5921687.478,5942897.636,5900414.099
SMRA,totalLiab,15637773.65,16408882.278,16437337.435,14990297.354
SMRA,totalRevenue,1078452.17,1142345.934,1039400.745,1530455.18
SMRA,operatingIncome,224062.034,146591.911,244554.883,500508.737
SMRA,netIncome,-22457.311,-26834.482,37039.411,200377.634
SMRA,totalCashflowsFromInvestingActivities,-176995.583,-113336.524,-109748.14,-266861.679
SMRA,totalCashFromFinancingActivities,-671323.776,494347.048,952191.585,462554.58
SMRA,totalCashFromOperatingActivities,52134.558,-356079.373,48657.72,-118811.403
SMRA,debtEquityRatio,2.1889221171568836,2.2902743360039404,2.2874741027451,2.0346115156309397
SMRA,retainedEarningsEquityRatio,0.8264734837493033,0.8265211869356125,0.827033240107909,0.8008547255143765
SMRA,returnOnEquity,-0.00314349765126384,-0.0037454303348229364,0.005154526624429061,0.027196968277783614
SMRA,operationalProfitMargin,0.2077626066624726,0.1283253230365155,0.2352844984732044,0.3270326001967598
SMRA,netProfitMargin,-0.020823650435976223,-0.02349067931290943,0.03563535159867525,0.13092682269859088
SMRA,earningPerShare,-1.5566383615964123,-1.8600438892603133,2.567403018711195,13.889263585044779
SMRA,bookValuePerShare,495.1931047158783,496.61686988719447,498.0870612916026,510.69161250559307
SMSM,totalAssets,3238316.0,3366507.0,3499849.0,3106981.0
SMSM,totalStockholderEquity,2222937.0,2280897.0,2222543.0,2089147.0
SMSM,retainedEarnings,2022123.0,2096871.0,2008447.0,1893165.0
SMSM,totalLiab,642053.0,717128.0,897718.0,664678.0
SMSM,totalRevenue,839015.0,660990.0,803058.0,1150127.0
SMSM,operatingIncome,177716.0,202088.0,43839.0,254268.0
SMSM,netIncome,149558.0,88142.0,115000.0,169863.0
SMSM,totalCashflowsFromInvestingActivities,-20508.0,-19912.0,-28890.0,-19586.0
SMSM,totalCashFromFinancingActivities,-273786.0,5763.0,937.0,-89818.0
SMSM,totalCashFromOperatingActivities,265357.0,137200.0,201540.0,199172.0
SMSM,debtEquityRatio,0.28883094752572835,0.3144061305705606,0.4039147948993563,0.3181576021218229
SMSM,retainedEarningsEquityRatio,0.9096627569742193,0.9193185838729236,0.903670705133714,0.9061904212580542
SMSM,returnOnEquity,0.06727945956183194,0.03864356873633487,0.051742530965655106,0.08130734696983985
SMSM,operationalProfitMargin,0.21181504502303297,0.30573533638935535,0.054590079421411655,0.2210781939733612
SMSM,netProfitMargin,0.178254262438693,0.13334846215525198,0.14320260803080226,0.14769064633731754
SMSM,earningPerShare,25.97088197704044,15.305938025517182,19.969854018906716,29.49686359316132
SMSM,bookValuePerShare,386.0150207237082,396.0798271492372,385.9466022673304,362.78226620901665
SSIA,totalAssets,7767462.893395,7822365.003254,8174121.524462,8092446.81497
SSIA,totalStockholderEquity,3706501.952703,3803103.691092,3985872.363317,3964442.118621
SSIA,retainedEarnings,2772735.768336,2848884.903384,2978480.204818,2997067.511235
SSIA,totalLiab,3556004.082829,3504897.250153,3663367.25257,3614266.973106
SSIA,totalRevenue,659355.738098,583687.324195,882049.511535,1237520.741526
SSIA,operatingIncome,-31527.078593,-51730.06878,31531.867547,197144.857153
SSIA,netIncome,-74974.362288,-105488.233474,-17412.533657,100426.369213
SSIA,totalCashflowsFromInvestingActivities,-2235.347254,35296.562398,-29677.682287,-14891.503887
SSIA,totalCashFromFinancingActivities,-12132.418085,-14857.999737,-3981.778581,-9801.685874
SSIA,totalCashFromOperatingActivities,-271608.427942,-284399.331777,-135692.727095,-3347.504039
SSIA,debtEquityRatio,0.959396252370986,0.9215886641120282,0.9190879482958118,0.9116710157350448
SSIA,retainedEarningsEquityRatio,0.7480734675760679,0.7490947223071871,0.7472593031903663,0.7559872036364871
SSIA,returnOnEquity,-0.020227795167711775,-0.027737406613730996,-0.004368562781199917,0.025331778396081747
SSIA,operationalProfitMargin,-0.04781497569725272,-0.08862633577205775,0.03574840996411436,0.15930630537141427
SSIA,netProfitMargin,-0.11370851568574136,-0.18072729884872088,-0.019740993480850722,0.0811512614238394
SSIA,earningPerShare,-16.48317139440988,-23.19166951719131,-3.828158958881862,22.078814754001748
SSIA,bookValuePerShare,814.8773140001349,836.1152807166412,876.2971143178532,871.5856584872399
TINS,totalAssets,16752161.0,18396760.0,18769375.0,20361278.0
TINS,totalStockholderEquity,4928553.0,4815300.0,4821459.0,5258215.0
TINS,retainedEarnings,4695309.0,4560389.0,4537603.0,4950462.0
TINS,totalLiab,11823424.0,13581269.0,13947727.0,15102873.0
TINS,totalRevenue,3896392.0,3594477.0,4384217.0,4702913.0
TINS,operatingIncome,292619.0,208287.0,-436884.0,-258121.0
TINS,netIncome,134920.0,22786.0,-412859.0,-435495.0
TINS,totalCashflowsFromInvestingActivities,-241823.0,-377701.0,-244333.0,-501652.0
TINS,totalCashFromFinancingActivities,-1631843.0,-1344565.0,-1821589.0,-169563.0
TINS,totalCashFromOperatingActivities,1670947.0,1845626.0,1327708.0,880530.0
TINS,debtEquityRatio,2.3989645642443125,2.820440886341453,2.892843639238662,2.8722433373302536
TINS,retainedEarningsEquityRatio,0.9526749534802609,0.9470622806471041,0.9411265345199451,0.9414719633944219
TINS,returnOnEquity,0.027375174823117455,0.004732000083068552,-0.0856294743976875,-0.08282183212363892
TINS,operationalProfitMargin,0.07509998993941061,0.05794639943446571,-0.09964926462353484,-0.054885344466291425
TINS,netProfitMargin,0.03462690612238194,0.006339169787426655,-0.09416938075829732,-0.09260111764772175
TINS,earningPerShare,18.115538108730664,3.0594474603137924,-55.434056833919605,-58.47336398355811
TINS,bookValuePerShare,661.7505906640886,646.5442532980342,647.3712144543614,706.0138913163297
TKIM,totalAssets,3113.434,3103.915,3083.956,3062.331
TKIM,totalStockholderEquity,1545.556,1472.093,1543.448,1385.323
TKIM,retainedEarnings,837.591,764.252,830.887,675.973
TKIM,totalLiab,1567.878,1631.822,1540.508,1677.008
TKIM,totalRevenue,200.142,182.765,267.305,219.777
TKIM,operatingIncome,7.509,8.901,16.824,1.476
TKIM,netIncome,78.657,-66.635,156.239,14.04
TKIM,totalCashflowsFromInvestingActivities,-0.609,-0.648,-2.917,-6.071
TKIM,totalCashFromFinancingActivities,-105.084,60.365,-101.576,-7.48
TKIM,totalCashFromOperatingActivities,105.736,-58.856,92.006,39.422
TKIM,debtEquityRatio,1.0144426989381168,1.108504693657262,0.9980951739222831,1.2105537842077263
TKIM,retainedEarningsEquityRatio,0.5419350706153643,0.5191601345838883,0.5383317092639337,0.4879533509513665
TKIM,returnOnEquity,0.05089236494827751,-0.04526548254763796,0.10122725223007188,0.010134820543656605
TKIM,operationalProfitMargin,0.037518361963006265,0.04870188493420513,0.06293933895737079,0.006715898387911383
TKIM,netProfitMargin,0.39300596576430735,-0.36459387738352533,0.584497110042835,0.06388293588501072
TKIM,earningPerShare,0.02672108858651337,-0.02263701562432229,0.0530769818282958,0.004769621060486005
TKIM,bookValuePerShare,0.5250510290427712,0.5000944284753579,0.5243349064504988,0.47061721911507515
TLKM,totalAssets,233219000.0,246351000.0,241914000.0,221208000.0
TLKM,totalStockholderEquity,101717000.0,95938000.0,106447000.0,99561000.0
TLKM,retainedEarnings,93512000.0,87859000.0,98004000.0,91489000.0
TLKM,totalLiab,115330000.0,136066000.0,115367000.0,103958000.0
TLKM,totalRevenue,33085000.0,32662000.0,34194000.0,32936000.0
TLKM,operatingIncome,10587000.0,10487000.0,11721000.0,8960000.0
TLKM,netIncome,5690000.0,5127000.0,5862000.0,2204000.0
TLKM,totalCashflowsFromInvestingActivities,-3353000.0,-10848000.0,-5089000.0,-13658000.0
TLKM,totalCashFromFinancingActivities,-20886000.0,-1454000.0,-6850000.0,139000.0
TLKM,totalCashFromOperatingActivities,13279000.0,16568000.0,17603000.0,16686000.0
TLKM,debtEquityRatio,1.1338321027950098,1.418270132794096,1.0837975706219998,1.0441638794307009
TLKM,retainedEarningsEquityRatio,0.919335017745313,0.9157893639642269,0.9206835326500512,0.9189240766966985
TLKM,returnOnEquity,0.055939518467906055,0.05344076382663804,0.05506965907916616,0.022137182229989654
TLKM,operationalProfitMargin,0.3199939549644854,0.32107648031351416,0.3427794349885945,0.2720427495749332
TLKM,netProfitMargin,0.1719812603899048,0.15697140407813362,0.1714335848394455,0.06691765848919116
TLKM,earningPerShare,57.438657531579345,51.75535978284838,59.17494032515257,22.24864695950806
TLKM,bookValuePerShare,1026.7992843830677,968.4622014524883,1074.5470612063316,1005.0351814589756
TPIA,totalAssets,3259.899,3326.859,3403.69,3451.211
TPIA,totalStockholderEquity,1732.88,1720.83,1732.559,1755.54
TPIA,retainedEarnings,898.782,888.653,900.67,918.509
TPIA,totalLiab,1521.635,1600.633,1665.337,1690.219
TPIA,totalRevenue,426.592,364.602,476.834,493.353
TPIA,operatingIncome,38.158,-11.558,-36.08,-13.697
TPIA,netIncome,10.129,-12.017,-17.839,-8.573
TPIA,totalCashflowsFromInvestingActivities,-54.552,-15.792,-37.94,-121.256
TPIA,totalCashFromFinancingActivities,-101.763,26.019,103.443,-43.693
TPIA,totalCashFromOperatingActivities,23.537,14.855,-101.745,255.895
TPIA,debtEquityRatio,0.8780960020313004,0.9301517291074657,0.9612007441016439,0.9627915057475194
TPIA,retainedEarningsEquityRatio,0.5186637274364064,0.5164095233114253,0.5198495404774094,0.5232059651161466
TPIA,returnOnEquity,0.005845182586214855,-0.006983258078950274,-0.010296330456856014,-0.004883397700992288
TPIA,operationalProfitMargin,0.08944846598154678,-0.03170031980076906,-0.07566574531178565,-0.027763082417660376
TPIA,netProfitMargin,0.023743998949816218,-0.03295922677330349,-0.03741134231199956,-0.01737700997054847
TPIA,earningPerShare,0.00056797598904536,-0.0006738441564180167,-0.0010003083886445036,-0.0004807244697488273
TPIA,bookValuePerShare,0.09716993107877615,0.09649423647239874,0.09715193124735313,0.09844057338421279
UCID,totalAssets,8575289.0,8484674.0,8685655.0,8316053.0
UCID,totalStockholderEquity,4371656.0,4456075.0,4161699.0,4341343.0
UCID,retainedEarnings,2900713.0,2975150.0,2671711.0,2851831.0
UCID,totalLiab,4203231.0,4028292.0,4523812.0,3974444.0
UCID,totalRevenue,2079041.0,2076404.0,2047175.0,2265207.0
UCID,operatingIncome,134745.0,189457.0,141624.0,41587.0
UCID,netIncome,9843.0,321346.0,-131348.0,69370.0
UCID,totalCashflowsFromInvestingActivities,384381.0,-24701.0,-406208.0,-10272.0
UCID,totalCashFromFinancingActivities,-197656.0,-144677.0,-369722.0,872408.0
UCID,totalCashFromOperatingActivities,306192.0,38962.0,350017.0,-181340.0
UCID,debtEquityRatio,0.9614734096186891,0.904000044882548,1.0870108578251334,0.9154872121368894
UCID,retainedEarningsEquityRatio,0.6635272766201183,0.6676615631469398,0.6419760295014127,0.6569006411149729
UCID,returnOnEquity,0.002251549527227211,0.07211413631951887,-0.031561148463644294,0.01597892633685014
UCID,operationalProfitMargin,0.06481113167080399,0.09124284098855522,0.06918021175522367,0.018359028556772076
UCID,netProfitMargin,0.0047343943674030475,0.15476082689110596,-0.0641606115744868,0.03062413280552285
UCID,earningPerShare,2.3756368792125593,77.55779829192717,-31.701224505822537,16.742652678144392
UCID,bookValuePerShare,1055.1119797654028,1075.4867526706396,1004.438242871282,1047.7958484315036
ULTJ,totalAssets,5584247.0,7054390.0,7132805.0,6608422.0
ULTJ,totalStockholderEquity,4534196.0,6103389.0,5984200.0,5548439.0
ULTJ,retainedEarnings,5781948.0,5497779.0,5378590.0,4942829.0
ULTJ,totalLiab,942379.0,849092.0,1037395.0,953283.0
ULTJ,totalRevenue,1435353.0,1404612.0,1614470.0,1656280.0
ULTJ,operatingIncome,352789.0,293013.0,385374.0,308981.0
ULTJ,netIncome,418761.0,119189.0,435761.0,217959.0
ULTJ,totalCashflowsFromInvestingActivities,-10149.0,-178001.0,-116194.0,-103882.0
ULTJ,totalCashFromFinancingActivities,-1907767.0,-13588.0,-38028.0,2089.0
ULTJ,totalCashFromOperatingActivities,748081.0,179629.0,5631.0,459822.0
ULTJ,debtEquityRatio,0.20783817020702236,0.13911811945789462,0.17335566993081783,0.17181102648871152
ULTJ,retainedEarningsEquityRatio,1.2751870452887348,0.900774799050167,0.8987985027238394,0.8908503815217217
ULTJ,returnOnEquity,0.09235617516313807,0.01952833089943964,0.07281858895090405,0.03928294066132835
ULTJ,operationalProfitMargin,0.2457855315034002,0.20860778634953994,0.2387000068133815,0.18655118699736759
ULTJ,netProfitMargin,0.2917477442831136,0.08485546186420165,0.2699096297856262,0.13159550317579152
ULTJ,earningPerShare,36.24537816747968,10.316267222601281,37.71679367381182,18.865191314391033
ULTJ,bookValuePerShare,392.4521354793634,528.2718362221783,517.955568999577,480.23877532576523
UNTR,totalAssets,104591240.0,104220997.0,114908529.0,111713375.0
UNTR,totalStockholderEquity,60739159.0,58723113.0,63098223.0,58212056.0
UNTR,retainedEarnings,49083094.0,48446186.0,49212596.0,47059898.0
UNTR,totalLiab,40544611.0,42637957.0,48510914.0,50603301.0
UNTR,totalRevenue,13274822.0,14877657.0,18313998.0,18822544.0
UNTR,operatingIncome,1527650.0,2058103.0,2553351.0,3860264.0
UNTR,netIncome,1277322.0,2237870.0,1823085.0,2672599.0
UNTR,totalCashflowsFromInvestingActivities,-574341.0,-444319.0,-896696.0,-1707476.0
UNTR,totalCashFromFinancingActivities,-2457212.0,-1954835.0,-936271.0,-2567581.0
UNTR,totalCashFromOperatingActivities,5376760.0,2873016.0,5900558.0,536461.0
UNTR,debtEquityRatio,0.6675201248670565,0.7260847530341248,0.7688158508045464,0.8692924537831133
UNTR,retainedEarningsEquityRatio,0.8080963715681345,0.8249934910637315,0.7799363224539619,0.808421849934316
UNTR,returnOnEquity,0.021029629336817127,0.03810884480868717,0.02889281049959204,0.045911434566063086
UNTR,operationalProfitMargin,0.11507875585827064,0.13833515586493222,0.13942073161742183,0.20508726131813002
UNTR,netProfitMargin,0.09622140319470951,0.15041817404447488,0.09954598662727822,0.1419892550124999
UNTR,earningPerShare,342.43272003267737,599.9426230657012,488.74438504995106,716.4875772331593
UNTR,bookValuePerShare,16283.345490696374,15742.870876236591,16915.77858294028,15605.863419540678
UNVR,totalAssets,21079223.0,21351803.0,21543649.0,20649371.0
UNVR,totalStockholderEquity,6485953.0,8807885.0,7219221.0,5281862.0
UNVR,retainedEarnings,6313653.0,8635585.0,7046921.0,5109562.0
UNVR,totalLiab,14593270.0,12543918.0,14324428.0,15367509.0
UNVR,totalRevenue,10684663.0,10619091.0,11152919.0,10561577.0
UNVR,operatingIncome,2359860.0,2351842.0,2394031.0,2593128.0
UNVR,netIncome,1818704.0,1756954.0,1862681.0,1883234.0
UNVR,totalCashflowsFromInvestingActivities,-162876.0,-133678.0,-214088.0,-488654.0
UNVR,totalCashFromFinancingActivities,-2117428.0,-2146856.0,-902437.0,-2606316.0
UNVR,totalCashFromOperatingActivities,1632751.0,3123800.0,955930.0,3199645.0
UNVR,debtEquityRatio,2.249980843216101,1.4241691393563836,1.9842068832634434,2.909487033171257
UNVR,retainedEarningsEquityRatio,0.97343489846442,0.9804379825576742,0.9761331589654895,0.9673789281128511
UNVR,returnOnEquity,0.28040659560746123,0.1994751293869073,0.2580168968369302,0.35654736909067297
UNVR,operationalProfitMargin,0.22086424251284295,0.2214730055519818,0.2146551050895286,0.2455246976848249
UNVR,netProfitMargin,0.17021631847443386,0.16545239135816803,0.1670128690076562,0.1783099247394589
UNVR,earningPerShare,47.67244858386647,46.05383791382134,48.82518771644257,49.363929499461804
UNVR,bookValuePerShare,170.01186609248919,230.87508731223372,189.23252048605437,138.44984924543965
WEGE,totalAssets,5531604.727374,5681209.035755,5961013.77882,6197314.112122
WEGE,totalStockholderEquity,2140869.925712,2106791.642978,2204191.302086,2428959.719766
WEGE,retainedEarnings,652337.632673,618259.349939,716680.245464,941448.663144
WEGE,totalLiab,3360517.763627,3544409.903321,3725147.214614,3737909.282247
WEGE,totalRevenue,425102.194132,753865.524031,957496.670625,1198579.848338
WEGE,operatingIncome,-155708.864469,33847.597737,83666.736849,91548.994899
WEGE,netIncome,34330.545931,14966.102751,81645.560662,149043.673703
WEGE,totalCashflowsFromInvestingActivities,105735.298005,-77484.23511,-90449.457077,-227115.214877
WEGE,totalCashFromFinancingActivities,7997.750597,244851.702859,-77081.991955,-262536.168297
WEGE,totalCashFromOperatingActivities,-38863.688612,-202979.951511,-411641.095385,1463584.243888
WEGE,debtEquityRatio,1.5696973100826643,1.6823732499294008,1.690028996615947,1.5388930709016044
WEGE,retainedEarningsEquityRatio,0.3047068039203964,0.2934601302410122,0.3251443033940607,0.38759336166953684
WEGE,returnOnEquity,0.016035792515317115,0.007103741274502617,0.03704105019593008,0.06136111376822606
WEGE,operationalProfitMargin,-0.3662857228646773,0.044898720870021024,0.08738070785602528,0.07638122318337455
WEGE,netProfitMargin,0.08075833624217875,0.0198524833328027,0.08526981154796744,0.12435022490130306
WEGE,earningPerShare,3.5865595513529853,1.5635294258358947,8.529624492613948,15.570798453441945
WEGE,bookValuePerShare,223.65963814555252,220.09943287882038,230.27490979592008,253.75677684496003
WIKA,totalAssets,61430452.238,60094539.195,61116446.266,62110847.154
WIKA,totalStockholderEquity,13523864.791,13754427.93,14302914.327,16502703.368
WIKA,retainedEarnings,4253282.792,4469560.19,5062258.131,7261129.614
WIKA,totalLiab,45260555.79,43870646.516,44324675.585,42895114.167
WIKA,totalRevenue,3250134.026,2933558.632,4199424.176,8916118.135
WIKA,operatingIncome,450108.921,783284.46,-30606.131,950423.861
WIKA,netIncome,-200223.259,151201.756,99213.547,932558.0
WIKA,totalCashflowsFromInvestingActivities,-842111.489,-368410.246,-394569.185,128564.696
WIKA,totalCashFromFinancingActivities,37351.347,2954393.755,1640742.493,-3268901.128
WIKA,totalCashFromOperatingActivities,1408438.936,-3047351.3,-4129674.525,4599314.862
WIKA,debtEquityRatio,3.3467175611013547,3.18956533410692,3.0989960907006977,2.5992780219377205
WIKA,retainedEarningsEquityRatio,0.31450201977991665,0.32495427746953925,0.35393193409848217,0.4399963722355868
WIKA,returnOnEquity,-0.014805180478678449,0.0109929512713656,0.0069365966076376405,0.05650940813783886
WIKA,operationalProfitMargin,0.13848934148539016,0.2670082852463676,-0.007288173263114538,0.10659614942394435
WIKA,netProfitMargin,-0.06160461611683702,0.0515420944209715,0.02362551217545784,0.10459237819419046
WIKA,earningPerShare,-22.32429373137226,16.85854296100174,11.062013356596635,103.97742408908175
WIKA,bookValuePerShare,1507.870421675872,1533.5775211625667,1594.7321117702943,1840.0020017101926
WOOD,totalAssets,5644850.010213,5591916.47956,5672078.185825,5515384.76149
WOOD,totalStockholderEquity,2897222.606667,2807000.675524,2750655.993611,2693624.886183
WOOD,retainedEarnings,989447.581136,907197.984839,850853.302926,786041.366868
WOOD,totalLiab,2737233.810835,2774714.523322,2911337.811073,2811776.373408
WOOD,totalRevenue,751125.264814,651816.884259,482137.457059,727545.593996
WOOD,operatingIncome,167290.150236,124646.898902,111465.838682,142762.529412
WOOD,netIncome,75694.263257,56461.581486,57131.98667,35295.94246
WOOD,totalCashflowsFromInvestingActivities,-43264.362732,-6906.410975,-26730.741494,38603.348496
WOOD,totalCashFromFinancingActivities,7103.167384,-36292.95449,-60541.953956,232944.894089
WOOD,totalCashFromOperatingActivities,73189.220794,47067.964876,57231.415874,-297663.719341
WOOD,debtEquityRatio,0.9447785629368491,0.9884979891584911,1.0584158171124338,1.0438633782421078
WOOD,retainedEarningsEquityRatio,0.34151589831555007,0.32319122426632396,0.30932741313428247,0.2918154531835572
WOOD,returnOnEquity,0.02612649200058521,0.020114559279705187,0.020770313264436385,0.013103510678510287
WOOD,operationalProfitMargin,0.2227193759451372,0.19122993268838287,0.23119099553461936,0.1962248559954648
WOOD,netProfitMargin,0.10077448703012813,0.08662184556662228,0.11849729954295724,0.048513718935660345
WOOD,earningPerShare,12.00305384336789,8.953272989224699,9.059581039190174,5.5969776251255885
WOOD,bookValuePerShare,459.42079951258034,445.1140522008954,436.1793163082565,427.1357319763636
WSBP,totalAssets,14290650.010607,15358233.261426,15761933.33077,16149121.68433
WSBP,totalStockholderEquity,5765970.650057,6913614.160825,7214536.477435,8134550.586355
WSBP,retainedEarnings,-345916.680219,801726.830549,1102649.147159,2022663.256079
WSBP,totalLiab,8524679.36055,8444619.100601,8547396.853335,8014571.097975
WSBP,totalRevenue,335200.933194,347274.336467,753659.322142,1972122.905792
WSBP,operatingIncome,-536918.409159,-34502.561127,148761.792772,483428.362815
WSBP,netIncome,-1147643.510768,-99401.811501,104579.229409,294414.755507
WSBP,totalCashflowsFromInvestingActivities,-62618.085839,-46779.361408,-13664.148354,-497756.26419
WSBP,totalCashFromFinancingActivities,74392.923362,-312069.28283,-127714.935154,1044540.058364
WSBP,totalCashFromOperatingActivities,55471.030126,331123.637779,-155122.275485,-322044.609753
WSBP,debtEquityRatio,1.478446540560474,1.221447842497665,1.1847465017425312,0.9852506309836888
WSBP,retainedEarningsEquityRatio,-0.05999279240444631,0.11596349057080299,0.15283714353760217,0.24865089160203163
WSBP,returnOnEquity,-0.19903734868242087,-0.01437769149227998,0.014495626952070148,0.03619311876932146
WSBP,operationalProfitMargin,-1.6017807708436618,-0.09935246433126114,0.19738599178896798,0.2451309507106284
WSBP,netProfitMargin,-3.423747958672278,-0.2862342565024114,0.13876193969414713,0.14928823890353007
WSBP,earningPerShare,-46.81221203337981,-4.054585446462327,4.265771570568516,12.009135093986062
WSBP,bookValuePerShare,235.19310492862436,282.0053169620042,294.27989452772954,331.80713633790026
WTON,totalAssets,9265708.385452,9168900.774583,9620099.122215,10337895.087207
WTON,totalStockholderEquity,3253351.772219,3235079.019219,3138877.310908,3437717.977623
WTON,retainedEarnings,1393171.692657,1374898.939657,1352383.137448,1651223.804163
WTON,totalLiab,5946172.076406,5865545.396919,6411343.454915,6829449.1472
WTON,totalRevenue,1086571.966876,702804.55827,1166351.535391,2712244.920426
WTON,operatingIncome,14386.539152,-39906.967974,104534.797307,296417.183048
WTON,netIncome,18272.753001,-36018.705392,72662.722436,209084.129875
WTON,totalCashflowsFromInvestingActivities,-32706.315702,-39219.686543,-68864.112377,-28500.86126
WTON,totalCashFromFinancingActivities,240586.36215,501840.769887,-533320.829264,-499062.608837
WTON,totalCashFromOperatingActivities,-7604.907541,-486236.991514,-108388.778455,1922957.079532
WTON,debtEquityRatio,1.8277064678899815,1.8131073034299598,2.042559431244656,1.9866228677438522
WTON,retainedEarningsEquityRatio,0.42822657683487,0.42499701908020865,0.4308493144183418,0.48032555750973327
WTON,returnOnEquity,0.005616593064738518,-0.011133794623877688,0.023149271296296847,0.06082061740840377
WTON,operationalProfitMargin,0.013240300311964331,-0.05678245467307959,0.0896254637946324,0.10928850149766087
WTON,netProfitMargin,0.0168168824137217,-0.051249959847532056,0.06229916130014869,0.07708895620022403
WTON,earningPerShare,2.078742796862606,-4.097555764139031,8.26624815954091,23.785804410104824
WTON,bookValuePerShare,370.1074250711063,368.02868227435744,357.0845947476216,391.08127183888575
