stockCode,Keys,2019-12-31 00:00:00,2018-12-31 00:00:00,2017-12-31 00:00:00,2016-12-31 00:00:00
AALI,totalAssets,26974124.0,26856967.0,25119609.0,24226122.0
AALI,totalStockholderEquity,18521153.0,18989629.0,18235803.0,17135284.0
AALI,retainedEarnings,13843880.0,14181734.0,13427908.0,12293945.0
AALI,totalLiab,7995597.0,7382445.0,6407132.0,6632640.0
AALI,totalRevenue,17452736.0,19084387.0,17305688.0,14121374.0
AALI,operatingIncome,960308.0,2325906.0,3050899.0,2658608.0
AALI,netIncome,211117.0,1438511.0,1968027.0,2006973.0
AALI,totalCashflowsFromInvestingActivities,-1307383.0,-1678767.0,-1753504.0,-2395413.0
AALI,totalCashFromFinancingActivities,334094.0,-609332.0,-1361618.0,116463.0
AALI,totalCashFromOperatingActivities,1292353.0,2045235.0,2841822.0,2511823.0
AALI,debtEquityRatio,0.4317008233774647,0.3887619394775959,0.35134904670773204,0.3870749968311001
AALI,retainedEarningsEquityRatio,0.747463184392462,0.7468146955372325,0.7363485995105343,0.7174637432329689
AALI,returnOnEquity,0.011398696398652935,0.07575245414220573,0.107921049596774,0.11712516699460598
AALI,operationalProfitMargin,0.055023349920608436,0.12187480792545236,0.17629458014035618,0.1882683653871075
AALI,netProfitMargin,0.01209649879537512,0.07537632725641122,0.1137213961097646,0.14212306819435558
AALI,earningPerShare,109.68882953046018,747.3987781973588,1022.5163208758316,1042.7512671610352
AALI,bookValuePerShare,9622.927543137554,9866.33088869055,9474.669906346027,8902.879662140054
ACES,totalAssets,5920169.803449,5321180.855541,4428840.550479,3731101.667891
ACES,totalStockholderEquity,4726432.881349,4225418.067107,3512776.689853,3053621.909607
ACES,retainedEarnings,4169723.620069,3668708.805827,3025975.078106,2567845.29786
ACES,totalLiab,1177675.527585,1085709.809612,918418.702689,682373.973095
ACES,totalRevenue,8142717.045655,7239754.268263,5938576.225065,4935902.893025
ACES,operatingIncome,1316098.880232,1202962.681414,962504.113068,802641.634807
ACES,netIncome,1030105.904792,964554.026626,777727.071793,710580.264384
ACES,totalCashflowsFromInvestingActivities,-158077.866466,-183916.89798,-187331.134628,-127422.153954
ACES,totalCashFromFinancingActivities,-547511.999461,-198587.523725,-302259.178983,-281283.570287
ACES,totalCashFromOperatingActivities,1159516.485667,280549.714304,690355.938041,491972.03603
ACES,debtEquityRatio,0.24916793640130408,0.2569473108622713,0.2614509215293823,0.22346380570174165
ACES,retainedEarningsEquityRatio,0.8822136534559004,0.868247531383052,0.8614197101816423,0.840917891563884
ACES,returnOnEquity,0.21794573849909218,0.2282742231199852,0.2213995196562141,0.23270080102203988
ACES,operationalProfitMargin,0.16162895908734515,0.16616070612885886,0.16207657805343148,0.1626129306435962
ACES,netProfitMargin,0.12650641045444042,0.13323021623183087,0.13096187407857807,0.1439615567372956
ACES,earningPerShare,60.28382877272363,56.447603603344064,45.514121809978256,41.58455823632167
ACES,bookValuePerShare,276.60017207895413,247.27979721860297,205.5746185929035,178.70397546411132
ADHI,totalAssets,36515833.214549,30091600.973297,28332948.01295,20037690.162169
ADHI,totalStockholderEquity,6810018.544505,6274484.934705,5859245.553537,5433255.964961
ADHI,retainedEarnings,3397430.406578,2861896.796778,2445826.246759,2024446.236511
ADHI,totalLiab,29681535.534528,23806329.077039,22463030.586953,14594910.199271
ADHI,totalRevenue,15307860.220494,15655499.866493,15156178.074776,11063942.850707
ADHI,operatingIncome,1441986.30734,1798931.177541,1476729.608788,659166.703764
ADHI,netIncome,663806.247566,644158.905208,515415.315215,313451.016555
ADHI,totalCashflowsFromInvestingActivities,-1514892.130158,-1187041.268468,-104554.496402,-243805.937507
ADHI,totalCashFromFinancingActivities,1010667.876639,-534689.469648,4079183.303453,1150500.462074
ADHI,totalCashFromOperatingActivities,496197.490895,853593.58391,-3208365.514894,-1858973.543725
ADHI,debtEquityRatio,4.358510236139961,3.794148734880702,3.833775250022238,2.6862180418874786
ADHI,retainedEarningsEquityRatio,0.49888710058203656,0.45611660981899455,0.41743023473091156,0.3726027725486575
ADHI,returnOnEquity,0.09747495447007627,0.10266323242646938,0.0879661571623097,0.05769119264331401
ADHI,operationalProfitMargin,0.09419907724330302,0.1149072973001136,0.09743416852865298,0.059577920155460526
ADHI,netProfitMargin,0.043363751563220004,0.04114585357869499,0.034006945067027894,0.02833086005455732
ADHI,earningPerShare,186.4179298226097,180.90033051961387,144.74503127012972,88.0270256889468
ADHI,bookValuePerShare,1912.4700374170263,1762.0751484635005,1645.462709062704,1525.8312691365118
ADRO,totalAssets,7217.105,7060.755,6814.147,6522.257
ADRO,totalStockholderEquity,3730.072,3650.399,3468.27,3146.458
ADRO,retainedEarnings,2288.597,2161.277,1966.721,1627.609
ADRO,totalLiab,3233.71,2758.063,2722.52,2736.375
ADRO,totalRevenue,3457.154,3619.751,3258.333,2524.239
ADRO,operatingIncome,697.337,1012.909,966.096,502.695
ADRO,netIncome,404.19,417.72,483.297,334.621
ADRO,totalCashflowsFromInvestingActivities,-538.504,-800.685,-433.383,-228.384
ADRO,totalCashFromFinancingActivities,263.3,-370.872,-288.661,-72.994
ADRO,totalCashFromOperatingActivities,917.283,905.91,853.68,675.523
ADRO,debtEquityRatio,0.8669296463982464,0.7555511055092882,0.7849792547869687,0.869668369957584
ADRO,retainedEarningsEquityRatio,0.6135530359735684,0.5920659632001872,0.5670610996260383,0.5172829257533391
ADRO,returnOnEquity,0.10835983863046075,0.11443132654813899,0.13934814763556472,0.1063484718372214
ADRO,operationalProfitMargin,0.20170839945226623,0.2798283638846981,0.2965000814833843,0.19914714890309515
ADRO,netProfitMargin,0.11691408597939229,0.11540020294213607,0.14832646018685014,0.13256312100399367
ADRO,earningPerShare,0.012636466443337145,0.01305946402115538,0.01510964230353426,0.010461483554110489
ADRO,bookValuePerShare,0.11661577391630538,0.1141249028137546,0.10843088020839932,0.09836985311949753
AKRA,totalAssets,21409046.173,19940850.599,16823208.531,15830740.71
AKRA,totalStockholderEquity,8336274.821,8371108.114,7557990.868,6821103.731
AKRA,retainedEarnings,6401191.146,6410237.376,5625393.785,5028693.549
AKRA,totalLiab,11342184.833,10014019.26,7793559.184,7756420.389
AKRA,totalRevenue,21702637.573,23548144.117,18287935.534,15212590.884
AKRA,operatingIncome,1091308.875,968599.16,1104798.356,1144210.501
AKRA,netIncome,717205.137,1644834.07,1201667.169,1010786.393
AKRA,totalCashflowsFromInvestingActivities,-779297.473,385813.753,833453.209,-689045.63
AKRA,totalCashFromFinancingActivities,-128832.144,350753.571,-1111421.217,80673.777
AKRA,totalCashFromOperatingActivities,687979.553,-448864.03,664616.805,651623.298
AKRA,debtEquityRatio,1.3605819237662102,1.1962596974768924,1.031168113340462,1.1371210136783654
AKRA,retainedEarningsEquityRatio,0.7678718952348703,0.7657573273100364,0.744297510177939,0.7372257844644703
AKRA,returnOnEquity,0.08603424819840161,0.19648940708926557,0.15899293740718504,0.1481851666331154
AKRA,operationalProfitMargin,0.05028461961497642,0.04113271751639841,0.06041132165771335,0.0752147027238756
AKRA,netProfitMargin,0.03304691121471183,0.06984983877402691,0.06570819143396046,0.06644406601791317
AKRA,earningPerShare,181.689146300967,416.6848263735247,304.4176216957434,256.0619094349902
AKRA,bookValuePerShare,2111.823490128929,2120.647787309083,1914.6612840803236,1727.986108548649
ANTM,totalAssets,30194907.73,32195350.845,30014273.452,29981535.812
ANTM,totalStockholderEquity,18133399.32,18448347.32,18490386.109,18408774.6529
ANTM,retainedEarnings,7912776.028,8148384.431,9765721.053,9661174.269
ANTM,totalLiab,12061488.555,13746984.554,11523869.935,11572740.239
ANTM,totalRevenue,32718542.699,25275245.97,12653619.205,9106260.754
ANTM,operatingIncome,1002079.922,1846131.42542,600606.318,80015.882
ANTM,netIncome,193851.147,1636001.028,136506.782,64810.325
ANTM,totalCashflowsFromInvestingActivities,-885313.4,-2593809.364,-2890561.357,-1382046.458
ANTM,totalCashFromFinancingActivities,-1363159.711,-619759.898,-568358.413,-26840.072
ANTM,totalCashFromOperatingActivities,1633837.222,1874578.431,1379176.412,1015391.75
ANTM,debtEquityRatio,0.6651531983689862,0.7451607624004771,0.6232357651737125,0.6286534795066822
ANTM,retainedEarningsEquityRatio,0.43636473715508517,0.44168641719826424,0.5281512779360857,0.5248135441474395
ANTM,returnOnEquity,0.010690281704996942,0.0886800860598715,0.0073825814774931475,0.003520621346179073
ANTM,operationalProfitMargin,0.030627278580797772,0.07304108642943506,0.047465180378011854,0.008786908717154004
ANTM,netProfitMargin,0.005924809939836496,0.06472740284869323,0.01078796349000768,0.007117117195609792
ANTM,earningPerShare,40.32298954933266,340.30467900580175,28.39478449925825,13.481199869629108
ANTM,bookValuePerShare,3771.9295582720283,3837.4419119986906,3846.186403201075,3829.2103989712614
BIRD,totalAssets,7424304.0,6955157.0,6516487.0,7300612.0
BIRD,totalStockholderEquity,5309189.0,5187394.0,4855439.0,4588963.0
BIRD,retainedEarnings,2546205.0,2424410.0,2092455.0,1825979.0
BIRD,totalLiab,2016202.0,1689996.0,1585562.0,2637932.0
BIRD,totalRevenue,4047691.0,4218702.0,4203846.0,4796096.0
BIRD,operatingIncome,380635.0,563551.0,572261.0,815601.0
BIRD,netIncome,314565.0,457302.0,424864.0,507281.0
BIRD,totalCashflowsFromInvestingActivities,-1049157.0,-784822.0,81632.0,-537068.0
BIRD,totalCashFromFinancingActivities,197200.0,-182426.0,-1233279.0,-297007.0
BIRD,totalCashFromOperatingActivities,739004.0,1068859.0,1034050.0,1154565.0
BIRD,debtEquityRatio,0.3797570589406405,0.32578901853223413,0.3265537884421985,0.5748427259056131
BIRD,retainedEarningsEquityRatio,0.4795845467170221,0.46736569460503674,0.43095073380594423,0.3979066730326655
BIRD,returnOnEquity,0.05924916216017173,0.08815640377422652,0.0875026954308354,0.11054371107372188
BIRD,operationalProfitMargin,0.09403756363813344,0.13358397914808867,0.13612796472563457,0.17005518655172874
BIRD,netProfitMargin,0.07771467733085356,0.10839874444793683,0.10106554807193223,0.10576956758163306
BIRD,earningPerShare,125.72039527027823,182.76727607295402,169.8029660518859,202.74209728705358
BIRD,bookValuePerShare,2121.893216488208,2073.2161051060025,1940.5455479494683,1834.0446083978886
BMTR,totalAssets,30154793.0,28968162.0,27694734.0,24624431.0
BMTR,totalStockholderEquity,11068151.0,9497785.0,9246259.0,9234399.0
BMTR,retainedEarnings,8756473.0,7355631.0,6588210.0,6171880.0
BMTR,totalLiab,12783387.0,14665700.0,13568375.0,10712447.0
BMTR,totalRevenue,12936503.0,11695216.0,10829450.0,10459641.0
BMTR,operatingIncome,3706460.0,3230922.0,2847527.0,2045233.0
BMTR,netIncome,1403735.0,826633.0,493835.0,203902.0
BMTR,totalCashflowsFromInvestingActivities,-3592703.0,-4092978.0,-4487304.0,-2544400.0
BMTR,totalCashFromFinancingActivities,-591886.0,180640.0,66177.0,-1561840.0
BMTR,totalCashFromOperatingActivities,3987313.0,4167980.0,4372376.0,4290388.0
BMTR,debtEquityRatio,1.1549704191784156,1.544117918019833,1.4674448336348787,1.1600589274949025
BMTR,retainedEarningsEquityRatio,0.7911414472028797,0.7744575182529401,0.7125270879822856,0.6683575184481415
BMTR,returnOnEquity,0.1268265132992855,0.08703429273246341,0.05340916796728277,0.022080700649820307
BMTR,operationalProfitMargin,0.28651174123331474,0.2762601391885366,0.2629429010706915,0.1955356785189855
BMTR,netProfitMargin,0.10850961809385426,0.07068129395814493,0.0456011154767786,0.019494168107681707
BMTR,earningPerShare,86.57388737590925,50.98172535643123,30.456756917995307,12.57544250426373
BMTR,bookValuePerShare,682.6166321517646,585.7659521993825,570.2533493248279,569.5218962341246
BRIS,totalAssets,43123488.0,37869177.0,31543384.0,27687188.0
BRIS,totalStockholderEquity,5088036.0,5026640.0,2602841.0,2510014.0
BRIS,retainedEarnings,222964.0,159608.0,620390.0,519299.0
BRIS,totalLiab,38035452.0,32842537.0,28940543.0,25177174.0
BRIS,totalRevenue,1451461.0,1358226.0,1318517.0,1407656.0
BRIS,operatingIncome,175375.0,215958.0,139774.0,239232.0
BRIS,netIncome,74016.0,106600.0,101091.0,170209.0
BRIS,totalCashflowsFromInvestingActivities,-1190710.0,-1748912.0,-2769661.0,-2545869.0
BRIS,totalCashFromFinancingActivities,296938.0,4468850.0,165530.0,1741210.0
BRIS,totalCashFromOperatingActivities,-507817.0,-1511675.0,3727901.0,-89077.0
BRIS,debtEquityRatio,7.4754683339504675,6.533695868413095,11.11882861842118,10.030690665470392
BRIS,retainedEarningsEquityRatio,0.04382123082462467,0.031752423089777666,0.23835109405453503,0.20689087789948582
BRIS,returnOnEquity,0.014547066883960727,0.02120700905575096,0.03883871508094425,0.06781197236350076
BRIS,operationalProfitMargin,0.12082653271427893,0.1590000485927968,0.10600849287494966,0.16995061293384178
BRIS,netProfitMargin,0.050994136253058125,0.07848472934548448,0.07667022874942075,0.12091661599140699
BRIS,earningPerShare,7.6178629325977205,10.971468177352424,10.404471759068798,17.51822351781406
BRIS,bookValuePerShare,523.6700286981568,517.3510393903076,267.88918576180265,258.3352600910794
BRPT,totalAssets,7182.435,7042.491,6872.043,3736.11
BRPT,totalStockholderEquity,1175.536,1174.816,1281.013,1135.543
BRPT,retainedEarnings,182.545,138.415,126.675,8.559
BRPT,totalLiab,4426.628,4340.449,4199.832,1816.016
BRPT,totalRevenue,2402.466,3075.561,2851.971,2105.922
BRPT,operatingIncome,425.331,662.201,744.343,523.368
BRPT,netIncome,44.13,72.226,154.196,150.102
BRPT,totalCashflowsFromInvestingActivities,-652.016,-370.329,-2074.374,-285.722
BRPT,totalCashFromFinancingActivities,136.357,-277.504,2057.17,-19.809
BRPT,totalCashFromOperatingActivities,459.289,542.157,512.718,536.754
BRPT,debtEquityRatio,3.765625212668944,3.694577704083022,3.2785241055321066,1.5992489936532568
BRPT,retainedEarningsEquityRatio,0.15528660968273195,0.11781844986789419,0.09888658428915242,0.0075373631821956544
BRPT,returnOnEquity,0.03754032203182208,0.06147856345163838,0.12037036314229442,0.1321852188776647
BRPT,operationalProfitMargin,0.1770393420760169,0.21531063763651573,0.2609924855477142,0.24852202503226617
BRPT,netProfitMargin,0.018368626236541955,0.023483845711400293,0.05406646841780649,0.0712761441306943
BRPT,earningPerShare,0.0004725446693081992,0.0007733970379663266,0.0016511329668852726,0.0016072943565034969
BRPT,bookValuePerShare,0.012587656251526925,0.01257994648125949,0.013717105471663361,0.012159410637213696
BTPS,totalAssets,15383038.0,12039275.0,9156522.0,7323347.0
BTPS,totalStockholderEquity,5393320.0,3996932.0,2254646.0,1592716.0
BTPS,retainedEarnings,3761832.0,2353047.0,1350006.0,694102.0
BTPS,totalLiab,9989718.0,8042343.0,6901876.0,5730631.0
BTPS,totalRevenue,3640866.0,2814470.0,2331212.0,1822508.0
BTPS,operatingIncome,1879825.0,1300178.0,907957.0,554829.0
BTPS,netIncome,1399634.0,965311.0,670182.0,412495.0
BTPS,totalCashflowsFromInvestingActivities,-1488581.0,-402683.0,-150913.0,-112507.0
BTPS,totalCashFromFinancingActivities,266868.0,1056445.0,304981.0,234301.0
BTPS,totalCashFromOperatingActivities,247822.0,355293.0,65755.0,470048.0
BTPS,debtEquityRatio,1.8522390661039954,2.0121290529836386,3.0611794490132818,3.5980243809944774
BTPS,retainedEarningsEquityRatio,0.6974983868934163,0.5887132930958044,0.598766280826347,0.43579771911627685
BTPS,returnOnEquity,0.25951250806553294,0.24151299046368566,0.2972448889980955,0.25898841978105325
BTPS,operationalProfitMargin,0.5163126025511513,0.4619619324419873,0.3894785201860663,0.3044315854854958
BTPS,netProfitMargin,0.384423376196762,0.3429814494380825,0.28748221954931596,0.2263337115666982
BTPS,earningPerShare,181.74233170030072,125.3455345868627,87.0230641321738,53.56243354670975
BTPS,bookValuePerShare,700.3220501973129,519.0012112649067,292.76555242210196,206.81400964564747
CLEO,totalAssets,1245144.303719,833933.861594,660917.775322,463288.59397
CLEO,totalStockholderEquity,766299.436026,635477.886486,297968.572294,198160.49295
CLEO,retainedEarnings,264480.124256,135616.251059,72106.936867,21715.729488
CLEO,totalLiab,478844.867693,198455.391702,362948.247159,265127.107591
CLEO,totalRevenue,1088679.619907,831104.026853,614677.561202,523932.684972
CLEO,operatingIncome,205768.91493,108042.128872,77325.489385,55811.934921
CLEO,netIncome,130756.566406,63262.127839,50173.768389,39262.809556
CLEO,totalCashflowsFromInvestingActivities,-422229.857583,-178629.746056,-196801.209129,-158096.100198
CLEO,totalCashFromFinancingActivities,228625.339595,47043.984269,120331.571989,55446.585513
CLEO,totalCashFromOperatingActivities,198145.077505,131839.301387,78486.685676,101894.287145
CLEO,debtEquityRatio,0.6248795773311168,0.31229315122104107,1.218075598928889,1.3379413002262617
CLEO,retainedEarningsEquityRatio,0.3451393956748604,0.2134082931019311,0.24199510811446728,0.10958657381559567
CLEO,returnOnEquity,0.17063377611772576,0.09955047875673594,0.1683861086513999,0.19813641443608448
CLEO,operationalProfitMargin,0.18900777709752453,0.1299983219683157,0.12579845803023987,0.10652501079214537
CLEO,netProfitMargin,0.12010564358426201,0.0761181823153281,0.08162615907254749,0.07493865277387357
CLEO,earningPerShare,10.902286446856891,5.27470136220103,4.1834135763145195,3.2736741890177075
CLEO,bookValuePerShare,63.892897964908485,52.98519332177622,24.844172775411064,16.522324774751286
CPIN,totalAssets,29353041.0,27645118.0,24532331.0,24204994.0
CPIN,totalStockholderEquity,21058649.0,19375720.0,15691937.0,14137991.0
CPIN,retainedEarnings,20919778.0,19236849.0,15553066.0,13999362.0
CPIN,totalLiab,8281441.0,8253944.0,8822202.0,10047751.0
CPIN,totalRevenue,58634502.0,53957604.0,49367386.0,38256857.0
CPIN,operatingIncome,4928505.0,6481339.0,3720640.0,4340660.0
CPIN,netIncome,3634620.0,4554391.0,2500853.0,2220561.0
CPIN,totalCashflowsFromInvestingActivities,-2854639.0,-1607433.0,-801010.0,-1176737.0
CPIN,totalCashFromFinancingActivities,-1374310.0,-2438554.0,-1729859.0,-2145489.0
CPIN,totalCashFromOperatingActivities,3400173.0,5035954.0,1767596.0,4157137.0
CPIN,debtEquityRatio,0.3932560441080527,0.4259941824097375,0.5622124279494622,0.7106915685545422
CPIN,retainedEarningsEquityRatio,0.9934055123859085,0.9928327308610984,0.9911501683953995,0.9901945757356897
CPIN,returnOnEquity,0.17259511756903304,0.23505660692867156,0.15937184810262747,0.15706340455302312
CPIN,operationalProfitMargin,0.08405469189454359,0.12011910313882729,0.07536635624175038,0.1134609672718279
CPIN,netProfitMargin,0.06198773548038321,0.08440684282422918,0.050657999189991545,0.058043477016420875
CPIN,earningPerShare,221.65020018973559,277.74063778120683,152.5096345959415,135.4165745479636
CPIN,bookValuePerShare,1284.2205695713376,1181.5904322378306,956.942122536804,862.1777614800667
CTRA,totalAssets,36196024.0,34289017.0,31872302.0,29072250.0
CTRA,totalStockholderEquity,15352476.0,14373791.0,13437520.0,12643485.0
CTRA,retainedEarnings,7146030.0,6173428.0,5164038.0,4357729.0
CTRA,totalLiab,18434456.0,17644741.0,16321729.0,14774323.0
CTRA,totalRevenue,7608237.0,7670405.0,6442797.0,6739315.0
CTRA,operatingIncome,2186623.0,2149865.0,1616001.0,1850370.0
CTRA,netIncome,1157959.0,1185478.0,894354.0,1021235.0
CTRA,totalCashflowsFromInvestingActivities,-581910.0,-1694312.0,-1896801.0,-1053199.0
CTRA,totalCashFromFinancingActivities,603549.0,653258.0,1115987.0,1453790.0
CTRA,totalCashFromOperatingActivities,979826.0,1043561.0,549287.0,41055.0
CTRA,debtEquityRatio,1.2007480747730854,1.227563486904742,1.2146384898403872,1.1685324892622564
CTRA,retainedEarningsEquityRatio,0.4654643329193284,0.42949198301269303,0.3842999303442897,0.34466201367739985
CTRA,returnOnEquity,0.07542490214607728,0.0824749712862807,0.06655647768338205,0.08077163851580478
CTRA,operationalProfitMargin,0.2874020617391388,0.2802805067007544,0.2508228957081839,0.2745635127605699
CTRA,netProfitMargin,0.15219807164261576,0.15455220421868207,0.13881455523121403,0.1515339466993307
CTRA,earningPerShare,62.47182419284125,63.95647272527011,48.25034897968265,55.095571932664484
CTRA,bookValuePerShare,828.2652335676951,775.4652317885553,724.9534629704403,682.1153185085357
DMAS,totalAssets,7616971.02962,7500033.435372,7470941.557319,7803851.935273
DMAS,totalStockholderEquity,6492333.843328,7184994.906922,7002073.517468,7385021.047585
DMAS,retainedEarnings,1292792.360745,1985453.424339,1802532.034885,2185479.565002
DMAS,totalLiab,1121231.243313,311529.808844,465103.754344,415467.051316
DMAS,totalRevenue,2650255.153377,1036229.521794,1336390.680684,1593793.682966
DMAS,operatingIncome,1288466.539699,441662.832225,661161.327683,789938.496832
DMAS,netIncome,1334935.791773,496250.204093,656718.024626,757238.221682
DMAS,totalCashflowsFromInvestingActivities,-77.707755,-78553.785493,-140940.263647,-63901.608983
DMAS,totalCashFromFinancingActivities,-2024906.5662,-313658.79215,-1036259.38865,-530179.2221
DMAS,totalCashFromOperatingActivities,1948653.166175,340732.528431,755193.226091,698272.546656
DMAS,debtEquityRatio,0.17270079918414236,0.04335838965506756,0.06642371765787813,0.05625807274467596
DMAS,retainedEarningsEquityRatio,0.19912598334319614,0.27633330991316646,0.25742832182327735,0.2959341010567168
DMAS,returnOnEquity,0.2056172439661091,0.06906757910362805,0.09378907876183995,0.10253704313132958
DMAS,operationalProfitMargin,0.48616697832177186,0.42622104749569334,0.4947365596298533,0.4956340994914406
DMAS,netProfitMargin,0.5037008569050426,0.47889989008791567,0.49141170626083264,0.47511684214534183
DMAS,earningPerShare,27.69685634709408,10.29605371260968,13.625392996958972,15.710956568630023
DMAS,bookValuePerShare,134.7010387497423,149.07216737916383,145.27696803119412,153.22225108936883
ERAA,totalAssets,9747703.198,12682902.626,8873955.77,7424604.403847
ERAA,totalStockholderEquity,4821803.944,4692790.634,3627310.956,3348523.437849
ERAA,retainedEarnings,2619893.958,2484327.506,1744437.809,1462979.619065
ERAA,totalLiab,4768986.646,7857284.389,5167301.251,4015443.128834
ERAA,totalRevenue,32944902.671,34744177.481,24229915.014,20547128.07648
ERAA,operatingIncome,762180.153,1473760.315,596013.236,543633.102863
ERAA,netIncome,295066.452,850089.697,339458.19,263755.160047
ERAA,totalCashflowsFromInvestingActivities,-377007.113,-398640.137,-271009.992,-223247.81649
ERAA,totalCashFromFinancingActivities,-1861393.512,2618523.738,519640.286,-842343.865672
ERAA,totalCashFromOperatingActivities,2430790.765,-2427388.011,-763722.998,1468966.266305
ERAA,debtEquityRatio,0.9890461539678063,1.6743309049572233,1.4245542534622446,1.199168291147877
ERAA,retainedEarningsEquityRatio,0.5433431115049916,0.5293923594205674,0.48091763572530066,0.4369029054802669
ERAA,returnOnEquity,0.06119420354433224,0.18114801262194988,0.09358397835688616,0.07876760158394742
ERAA,operationalProfitMargin,0.02313499483095802,0.04241747601611614,0.024598238815762445,0.026457863154378685
ERAA,netProfitMargin,0.008956361320798027,0.02446711243818839,0.014009879514800679,0.012836594927780524
ERAA,earningPerShare,92.7972412635697,267.34987381142156,106.75826866391672,82.9499628151319
ERAA,bookValuePerShare,1516.4384188176025,1475.8642390925493,1140.775061483173,1053.0974810338369
EXCL,totalAssets,62725242.0,57613954.0,56321441.0,54896286.0
EXCL,totalStockholderEquity,19121966.0,18343098.0,21630850.0,21209145.0
EXCL,retainedEarnings,5850788.0,5124931.0,8405044.0,8001601.0
EXCL,totalLiab,43603276.0,39270856.0,34690591.0,33687141.0
EXCL,totalRevenue,25132628.0,22938812.0,22875662.0,21341425.0
EXCL,operatingIncome,2603158.0,862746.0,1770206.0,1170379.0
EXCL,netIncome,712579.0,-3296890.0,375244.0,375516.0
EXCL,totalCashflowsFromInvestingActivities,-8692413.0,-6203352.0,-6634886.0,-3849154.0
EXCL,totalCashFromFinancingActivities,-3090754.0,-4587698.0,-1926108.0,-5368524.0
EXCL,totalCashFromOperatingActivities,12357027.0,9357786.0,9612170.0,7311992.0
EXCL,debtEquityRatio,2.2802715996880236,2.1409064052320934,1.6037553309278183,1.58833092988897
EXCL,retainedEarningsEquityRatio,0.3059720951287122,0.2793928811807035,0.3885674395597029,0.37727126671065714
EXCL,returnOnEquity,0.037264944410004705,-0.17973463370255122,0.017347630814323063,0.01770538133432536
EXCL,operationalProfitMargin,0.10357683247450286,0.0376107533380543,0.0773838151656551,0.054840714713286484
EXCL,netProfitMargin,0.028352745283939267,-0.1437254030417966,0.01640363457022577,0.01759563852929221
EXCL,earningPerShare,66.9119702615225,-309.58168236154995,35.2358340181436,35.26137512433833
EXCL,bookValuePerShare,1795.5741333014926,1722.4375513173877,2031.1611651921457,1991.5625909721148
HRUM,totalAssets,447.001954,467.989195,459.443071,413.365853
HRUM,totalStockholderEquity,314.143585,302.040405,315.296802,282.099803
HRUM,retainedEarnings,190.507183,179.642343,193.130592,148.193604
HRUM,totalLiab,47.418441,79.502404,63.582349,57.935532
HRUM,totalRevenue,262.590669,336.70779,325.599861,217.121593
HRUM,operatingIncome,23.76466,51.039619,72.083211,32.260782
HRUM,netIncome,18.504237,31.809219,45.278605,13.349751
HRUM,totalCashflowsFromInvestingActivities,-4.43108,-12.256231,-8.615381,-4.67693
HRUM,totalCashFromFinancingActivities,-9.089537,-62.559148,-10.651432,-4.931842
HRUM,totalCashFromOperatingActivities,23.601826,24.904263,54.600182,44.915644
HRUM,debtEquityRatio,0.1509451195700845,0.2632177771050201,0.20165871837799357,0.2053724652902363
HRUM,retainedEarningsEquityRatio,0.6064334657669359,0.5947626212459886,0.6125358417051119,0.5253233161598485
HRUM,returnOnEquity,0.05890375574595929,0.10531444956842777,0.14360629322209237,0.04732279447922904
HRUM,operationalProfitMargin,0.09050077860915919,0.15158431291417404,0.2213858776800891,0.14858394116517007
HRUM,netProfitMargin,0.07046799138167396,0.09447128918520122,0.139062114034502,0.06148513750081043
HRUM,earningPerShare,0.0073247268950051595,0.012591377959459183,0.0179231067896404,0.005284372448932751
HRUM,bookValuePerShare,0.12435076171705103,0.1195598325876258,0.12480725174015642,0.11166653421644768
ICBP,totalAssets,38709314.0,34367153.0,31619514.0,28901948.0
ICBP,totalStockholderEquity,25300838.0,21618923.0,19563668.0,17563958.0
ICBP,retainedEarnings,18495204.0,15029629.0,12799244.0,10979473.0
ICBP,totalLiab,12038210.0,11660003.0,11295184.0,10401125.0
ICBP,totalRevenue,42296703.0,38413407.0,35606593.0,34375236.0
ICBP,operatingIncome,7568017.0,6001118.0,5552364.0,5062115.0
ICBP,netIncome,5038789.0,4575799.0,3796545.0,3600351.0
ICBP,totalCashflowsFromInvestingActivities,-2399814.0,-4712882.0,-2949740.0,-1560132.0
ICBP,totalCashFromFinancingActivities,-1266076.0,-4242099.0,-1815525.0,-2159227.0
ICBP,totalCashFromOperatingActivities,7398161.0,4653375.0,5174368.0,4584964.0
ICBP,debtEquityRatio,0.47580281728217855,0.5393424547559562,0.5773551258383652,0.5921857134935076
ICBP,retainedEarningsEquityRatio,0.7310115182746121,0.6952071109185226,0.654235391849831,0.6251138268492785
ICBP,returnOnEquity,0.19915502403517227,0.2116571209398359,0.19406100123964484,0.2049851747538909
ICBP,operationalProfitMargin,0.17892687758665254,0.15622457023923964,0.1559364020028538,0.14726051626234654
ICBP,netProfitMargin,0.11912959267770824,0.11911984271533113,0.10662477592281856,0.10473676457086724
ICBP,earningPerShare,432.07272938729926,392.37165181111465,325.55115135634856,308.7276493066672
ICBP,bookValuePerShare,2169.5296489783354,1853.8079421511518,1677.571223876802,1506.0974515709806
INAF,totalAssets,1383935.194386,1442350.608575,1529874.78229,1381633.32112
INAF,totalStockholderEquity,504933.639526,496646.16703,526408.631406,575753.991513
INAF,retainedEarnings,-78028.599195,-85989.561919,135311.235313,184656.59542
INAF,totalLiab,878999.86735,945703.748717,1003464.884586,805876.240489
INAF,totalRevenue,1359175.249655,1592979.941258,1631317.499096,1674702.722328
INAF,operatingIncome,22745.920864,-21590.118706,-5359.428113,33348.839329
INAF,netIncome,7960.962724,-32735.901429,-46282.940175,-17366.640817
INAF,totalCashflowsFromInvestingActivities,76484.396524,-46400.057765,-93499.257258,-58934.854928
INAF,totalCashFromFinancingActivities,-75026.51698,63805.377524,72966.519218,120156.51116
INAF,totalCashFromOperatingActivities,20790.922347,-70390.895931,147184.447849,-317962.543661
INAF,debtEquityRatio,1.7408225527915901,1.9041801014440822,1.9062470193655767,1.399688499546953
INAF,retainedEarningsEquityRatio,-0.1545323842322099,-0.1731404924218529,0.2570460042640132,0.3207213465159809
INAF,returnOnEquity,0.015766354429214206,-0.06591393149123526,-0.0879220769070248,-0.030163300772545105
INAF,operationalProfitMargin,0.016735090540953866,-0.01355328974760973,-0.003285337229552153,0.019913289018030536
INAF,netProfitMargin,0.005857201068089442,-0.02055010272329479,-0.028371509654403784,-0.01036998422792236
INAF,earningPerShare,2.5686574775654036,-10.562455937263202,-14.933497930573402,-5.603461960737049
INAF,bookValuePerShare,162.9201911639015,160.24618314062664,169.84923987140533,185.77084792515043
INCO,totalAssets,2222.688,2202.452,2184.559,2225.492
INCO,totalStockholderEquity,1941.693,1883.727,1819.367,1834.589
INCO,retainedEarnings,1527.52,1469.554,1405.194,1420.416
INCO,totalLiab,280.995,318.725,365.192,390.903
INCO,totalRevenue,782.012,776.9,629.334,584.143
INCO,operatingIncome,88.285,82.48,-20.496,7.413
INCO,netIncome,57.4,60.512,-15.271,1.906
INCO,totalCashflowsFromInvestingActivities,-166.104,-83.784,-74.614,19.916
INCO,totalCashFromFinancingActivities,-24.391,-40.429,-41.728,-42.824
INCO,totalCashFromOperatingActivities,137.994,204.359,152.561,13.42
INCO,debtEquityRatio,0.14471649225701488,0.16919914616077594,0.2007247575667801,0.2130738819430401
INCO,retainedEarningsEquityRatio,0.7866949100604472,0.7801310911825333,0.7723532415395025,0.7742420781984412
INCO,returnOnEquity,0.029561830835255626,0.03212355081176837,-0.008393578645759762,0.0010389247945997713
INCO,operationalProfitMargin,0.11289468703805057,0.10616552966919811,-0.03256776211042149,0.012690385744586514
INCO,netProfitMargin,0.07340040817787963,0.07788904620929335,-0.02426533446468807,0.0032628996666912036
INCO,earningPerShare,0.005776774913863326,0.006089968703618425,-0.0015368837928502938,0.00019182113215720383
INCO,bookValuePerShare,0.195413299874983,0.18957956233740458,0.18310232830506581,0.18463428070469698
INDF,totalAssets,96198559.0,96537796.0,88400877.0,82174515.0
INDF,totalStockholderEquity,37777948.0,33614280.0,31302525.0,28974286.0
INDF,retainedEarnings,26779999.0,23303960.0,21502123.0,19506084.0
INDF,totalLiab,41996071.0,46620996.0,41298111.0,38233092.0
INDF,totalRevenue,76592955.0,73394728.0,70186618.0,66659484.0
INDF,operatingIncome,10052993.0,8394788.0,8833864.0,8524990.0
INDF,netIncome,4908172.0,4166101.0,4156222.0,4144571.0
INDF,totalCashflowsFromInvestingActivities,-583826.0,-11223682.0,-6057777.0,-848823.0
INDF,totalCashFromFinancingActivities,-7660235.0,48125.0,-155600.0,-5807917.0
INDF,totalCashFromOperatingActivities,13344494.0,5935829.0,6507806.0,7175603.0
INDF,debtEquityRatio,1.1116556939514026,1.386940193275001,1.3193220355226936,1.3195525163243023
INDF,retainedEarningsEquityRatio,0.7088791323446154,0.6932755959669521,0.6869133720043351,0.6732205238810717
INDF,returnOnEquity,0.12992161458848955,0.12393842735884868,0.1327759342097802,0.1430430761952167
INDF,operationalProfitMargin,0.1312521889252086,0.11437862403414044,0.12586251128384615,0.12788862872085838
INDF,netProfitMargin,0.06408124611460675,0.05676294624322335,0.059216729890019776,0.062175263762917814
INDF,earningPerShare,558.9898956558318,474.47570363908534,473.3505879790832,472.02365989378256
INDF,bookValuePerShare,4302.516539887241,3828.3179297192346,3565.0330068942303,3299.8707273995756
INKP,totalAssets,8502.05,8751.013,7634.236,6878.8
INKP,totalStockholderEquity,4005.114,3770.988,3217.185,2818.991
INKP,retainedEarnings,1799.89,1563.553,1014.642,613.754
INKP,totalLiab,4496.373,4979.481,4416.589,4059.414
INKP,totalRevenue,3223.153,3335.441,3127.928,2720.473
INKP,operatingIncome,560.368,894.047,602.687,286.966
INKP,netIncome,274.37,588.127,413.209,202.705
INKP,totalCashflowsFromInvestingActivities,54.729,-750.682,-367.033,85.097
INKP,totalCashFromFinancingActivities,-561.516,347.911,110.016,-210.361
INKP,totalCashFromOperatingActivities,524.706,544.527,665.746,163.996
INKP,debtEquityRatio,1.1226579318341499,1.3204711868613743,1.3728116350163264,1.4400237531797726
INKP,retainedEarningsEquityRatio,0.4493979447276657,0.41462688292829364,0.31538192550319616,0.21772116335241937
INKP,returnOnEquity,0.06850491646430039,0.1559609842301275,0.12843805998100824,0.07190693407676718
INKP,operationalProfitMargin,0.17385708962621385,0.2680446153896891,0.19267930719632934,0.10548386254890235
INKP,netProfitMargin,0.08512472104178735,0.17632660868532826,0.1321031046750437,0.07451093982553769
INKP,earningPerShare,0.05015006360560515,0.10749938571335692,0.07552741783871596,0.037050948147298146
INKP,bookValuePerShare,0.7320651742089137,0.689271013798789,0.588045458253449,0.5152625212436799
INTP,totalAssets,27707749.0,27788562.0,28863676.0,30150580.0
INTP,totalStockholderEquity,23080261.0,23221589.0,24556507.0,26138703.0
INTP,retainedEarnings,18703116.0,18892488.0,20323413.0,21883459.0
INTP,totalLiab,4627488.0,4566973.0,4307169.0,4011877.0
INTP,totalRevenue,15939348.0,15190283.0,14431211.0,15361894.0
INTP,operatingIncome,1978197.0,1075709.0,1882038.0,3650648.0
INTP,netIncome,1835305.0,1145937.0,1859818.0,3870319.0
INTP,totalCashflowsFromInvestingActivities,-1045966.0,-505092.0,-760688.0,-973959.0
INTP,totalCashFromFinancingActivities,-2026357.0,-2578613.0,-3424549.0,-1547212.0
INTP,totalCashFromOperatingActivities,3530772.0,1984532.0,2781805.0,3546113.0
INTP,debtEquityRatio,0.2004954796655029,0.19666927185732208,0.17539827631022603,0.1534841648416909
INTP,retainedEarningsEquityRatio,0.8103511481087671,0.8135742993298176,0.8276182357694439,0.8372052354701761
INTP,returnOnEquity,0.07951838152956762,0.04934791499410312,0.07573626004708243,0.14806851740118857
INTP,operationalProfitMargin,0.12410777404445904,0.07081559968303422,0.13041441913641205,0.2376430927071883
INTP,netProfitMargin,0.1151430409826048,0.07543881835512874,0.12887470081339675,0.251942826841534
INTP,earningPerShare,498.5575313604994,311.2918680081276,505.21644678122783,1051.3656783028634
INTP,bookValuePerShare,6269.714269462575,6308.105784111158,6670.734024457419,7100.534919615694
IPTV,totalAssets,10221763.0,9132432.0,10462916.0,7296820.0
IPTV,totalStockholderEquity,5503540.0,2982022.0,4892675.0,3785001.0
IPTV,retainedEarnings,-55932.0,-354774.0,-307116.0,-229532.0
IPTV,totalLiab,4550681.0,6110349.0,5276042.0,3365349.0
IPTV,totalRevenue,3524913.0,3227280.0,3140779.0,3000239.0
IPTV,operatingIncome,436790.0,331319.0,326657.0,-93780.0
IPTV,netIncome,312346.0,-46988.0,-77584.0,-151991.0
IPTV,totalCashflowsFromInvestingActivities,-1651585.0,-1991846.0,-1965127.0,-944072.0
IPTV,totalCashFromFinancingActivities,371240.0,930460.0,981426.0,249505.0
IPTV,totalCashFromOperatingActivities,1289120.0,1070245.0,969214.0,724775.0
IPTV,debtEquityRatio,0.8268643454939911,2.0490623476285554,1.0783552964380425,0.8891276382753928
IPTV,retainedEarningsEquityRatio,-0.010162913324878169,-0.11897095326593835,-0.06277057029130281,-0.06064252030580705
IPTV,returnOnEquity,0.05675365310327535,-0.01575709367670661,-0.01585717424517263,-0.04015613205914609
IPTV,operationalProfitMargin,0.12391511506808821,0.10266199400114027,0.1040050891832886,-0.03125750981838447
IPTV,netProfitMargin,0.08861098132067373,-0.014559629161399072,-0.024702151918361656,-0.05065963078274764
IPTV,earningPerShare,8.153906795214821,-1.2266389596586926,-2.0253587521528904,-3.9677807550328668
IPTV,bookValuePerShare,143.67192857836045,77.84677712946569,127.7250738901016,98.80883819160448
ISAT,totalAssets,62813000.0,53139587.0,50661040.0,50838704.0
ISAT,totalStockholderEquity,12723270.0,11174104.0,13996976.0,13350203.0
ISAT,retainedEarnings,10143717.0,8497003.0,11584601.0,10835606.0
ISAT,totalLiab,49105807.0,41003340.0,35845506.0,36661585.0
ISAT,totalRevenue,26117533.0,23139551.0,29926098.0,29184624.0
ISAT,operatingIncome,339796.0,-1559612.0,3966917.0,3922235.0
ISAT,netIncome,1568991.0,-2403843.0,1135783.0,1105042.0
ISAT,totalCashflowsFromInvestingActivities,-8883065.0,-5451915.0,-6772642.0,-7291386.0
ISAT,totalCashFromFinancingActivities,3143622.0,624810.0,-2115406.0,-4251347.0
ISAT,totalCashFromOperatingActivities,10588453.0,4161943.0,8960936.0,9751515.0
ISAT,debtEquityRatio,3.8595272284562068,3.6694969010490683,2.5609464501475174,2.7461443844711573
ISAT,retainedEarningsEquityRatio,0.7972570730637643,0.7604191799181393,0.8276502724588511,0.811643538304249
ISAT,returnOnEquity,0.12331664737131257,-0.2151262418892826,0.08114488443789573,0.08277342299589002
ISAT,operationalProfitMargin,0.013010264024553927,-0.06740027064483663,0.13255710784613484,0.13439388494434604
ISAT,netProfitMargin,0.06007424208098062,-0.10388460000801225,0.0379529265726524,0.03786384227530223
ISAT,earningPerShare,288.7396321229432,-442.3764976990385,209.01685579553535,203.35962447228914
ISAT,bookValuePerShare,2341.4489306827636,2056.357670798308,2575.84759955517,2456.822698783239
ITMG,totalAssets,1209.041,1442.728,1358.663,1209.792
ITMG,totalStockholderEquity,889.775,972.559,957.988,907.43
ITMG,retainedEarnings,513.245,600.486,584.754,532.693
ITMG,totalLiab,324.576,472.945,400.524,302.362
ITMG,totalRevenue,1715.592,2007.63,1689.525,1367.498
ITMG,operatingIncome,179.468,373.718,352.667,194.28
ITMG,netIncome,129.426,261.951,252.608,130.709
ITMG,totalCashflowsFromInvestingActivities,-95.924,-108.631,-73.825,-24.5
ITMG,totalCashFromFinancingActivities,-203.42,-249.373,-199.05,-60.784
ITMG,totalCashFromOperatingActivities,89.456,354.895,318.977,145.224
ITMG,debtEquityRatio,0.36478435559551575,0.4862892636847739,0.4180887443266513,0.33320696913260534
ITMG,retainedEarningsEquityRatio,0.5768256019780281,0.6174288654981344,0.6103980425642075,0.587034812602625
ITMG,returnOnEquity,0.14545924531482676,0.2693420142119913,0.26368597518966835,0.14404306668282954
ITMG,operationalProfitMargin,0.10460995388180871,0.1861488421671324,0.2087373670114381,0.14206967761561626
ITMG,netProfitMargin,0.07544101394737208,0.1304777274697031,0.14951421257454017,0.09558258951749837
ITMG,earningPerShare,0.11802910759973313,0.23888432590714154,0.23036404441575412,0.11919913019990976
ITMG,bookValuePerShare,0.8114238963929393,0.8869181683594399,0.8736302499594607,0.8275242463587367
JPFA,totalAssets,25185009.0,23038028.0,19959548.0,19251026.0
JPFA,totalStockholderEquity,10772224.0,9607415.0,8096785.0,8843494.0
JPFA,retainedEarnings,7266985.0,6109050.0,4929979.0,4630555.0
JPFA,totalLiab,13736841.0,12823219.0,11297508.0,9878062.0
JPFA,totalRevenue,36742561.0,34012965.0,29602688.0,27063310.0
JPFA,operatingIncome,3147769.0,3936682.0,2289831.0,2917646.0
JPFA,netIncome,1765178.0,2167961.0,933169.0,2064650.0
JPFA,totalCashflowsFromInvestingActivities,-3235287.0,-2239761.0,-1364166.0,-497535.0
JPFA,totalCashFromFinancingActivities,1232742.0,-283512.0,-467181.0,-446607.0
JPFA,totalCashFromOperatingActivities,1879537.0,1926687.0,770662.0,2753605.0
JPFA,debtEquityRatio,1.2752093718066018,1.3347210461919257,1.3953078907245282,1.1169863404667884
JPFA,retainedEarningsEquityRatio,0.6746039629328169,0.6358682330262615,0.6088810558758816,0.5236114820680604
JPFA,returnOnEquity,0.16386384093015519,0.22565497587020025,0.1152517943850553,0.2334654153663699
JPFA,operationalProfitMargin,0.08567091989042354,0.11574063008032379,0.07735213099567174,0.10780817276231178
JPFA,netProfitMargin,0.048041779123670775,0.06373925354640503,0.03152311708990751,0.07628963345577462
JPFA,earningPerShare,189.22582587592342,232.40387694147154,100.0350529560246,221.32901123553847
JPFA,bookValuePerShare,1154.7747495835793,1029.90805341316,867.9695920551858,948.0162656563665
JRPT,totalAssets,11164935.1,10541248.267,9472682.688,8484436.652
JRPT,totalStockholderEquity,7087992.476,6406198.081,5725786.216,4699054.791
JRPT,retainedEarnings,6112628.179,5427427.838,4747015.973,3959522.91
JRPT,totalLiab,3762437.184,3847899.58,3496187.155,3578037.749
JRPT,totalRevenue,2423269.696,2330550.693,2405242.304,2381022.659
JRPT,operatingIncome,1073050.815,1116149.639,1253907.343,1112114.677
JRPT,netIncome,1016858.196,1033205.288,1113845.38,1010519.626
JRPT,totalCashflowsFromInvestingActivities,-257842.765,-332638.288,-180674.925,-165067.908
JRPT,totalCashFromFinancingActivities,-331246.906,-447363.27,-25433.111,-188191.2
JRPT,totalCashFromOperatingActivities,437029.964,1021941.321,587559.175,474994.594
JRPT,debtEquityRatio,0.5308184506035585,0.6006526072636436,0.6106038582492546,0.7614377588984362
JRPT,retainedEarningsEquityRatio,0.8623920242152356,0.847215114077894,0.829059240761566,0.8426211410821577
JRPT,returnOnEquity,0.14346208738836702,0.16128213254353788,0.1945314299174316,0.21504742356599604
JRPT,operationalProfitMargin,0.4428111393342823,0.47892098736682576,0.5213226712812715,0.46707437780834654
JRPT,netProfitMargin,0.4196223794976224,0.4433309651248165,0.46309071570362664,0.42440571582985515
JRPT,earningPerShare,74.5666674118238,75.76540699725413,81.67878109786754,74.10185723188347
JRPT,bookValuePerShare,519.7656661021804,469.76937744050093,419.87447032356624,344.5837946025998
KAEF,totalAssets,18352877.132,11329090.864,6096148.972534,4612562.541064
KAEF,totalStockholderEquity,7241893.93,3991792.68,2510272.909691,2220956.232127
KAEF,retainedEarnings,2456905.474,2263680.032,1945867.894415,1672566.665324
KAEF,totalLiab,10939950.304,7182832.797,3523628.217406,2341155.13187
KAEF,totalRevenue,9400535.476,8459247.287,6127479.369403,5811502.656431
KAEF,operatingIncome,410180.607,868308.622,500086.442643,424394.063466
KAEF,netIncome,-12724.002,491565.938,326786.249091,267414.092891
KAEF,totalCashflowsFromInvestingActivities,-2124681.095,-1562904.871,-810236.662007,-478919.212905
KAEF,totalCashFromFinancingActivities,3275100.904,2322930.108,1146948.510723,467558.161643
KAEF,totalCashFromOperatingActivities,-1853834.642,171669.1,5241.243654,198050.928789
KAEF,debtEquityRatio,1.510647685501243,1.7994002626909973,1.4036833221610707,1.054120336999116
KAEF,retainedEarningsEquityRatio,0.3392628361790988,0.5670835670754324,0.7751618905270842,0.7530840280099488
KAEF,returnOnEquity,-0.0017569992218872503,0.12314415537231758,0.13017957044806952,0.12040493595630143
KAEF,operationalProfitMargin,0.043633749167503275,0.10264608570249495,0.08161372931586441,0.07302656275935213
KAEF,netProfitMargin,-0.001353540128909142,0.05810989102487033,0.05333126876326615,0.046014621123003356
KAEF,earningPerShare,-2.290961863136275,88.50665200892068,58.83800034492546,48.14801887633012
KAEF,bookValuePerShare,1303.9060203313454,718.7239357103641,451.975683606951,399.8840952318141
KINO,totalAssets,4695764.958883,3592164.205408,3237595.219274,3284504.424358
KINO,totalStockholderEquity,2616490.572536,2159050.77155,2017972.764011,1929012.702589
KINO,retainedEarnings,1220324.492285,788270.35387,670658.805215,600131.530488
KINO,totalLiab,1992902.779331,1405264.079012,1182424.339165,1332431.950729
KINO,totalRevenue,4678868.638822,3611694.059699,3160637.269263,3493028.76168
KINO,operatingIncome,443680.11542,243540.515763,186807.173516,239081.981995
KINO,netIncome,520444.102306,150148.639199,110416.605833,180601.811058
KINO,totalCashflowsFromInvestingActivities,-331514.358398,-209808.585835,-37205.898051,-247473.810519
KINO,totalCashFromFinancingActivities,330746.974935,-54921.868943,-230342.414449,-50068.342439
KINO,totalCashFromOperatingActivities,17379.083127,160526.205538,240312.29859,11867.374074
KINO,debtEquityRatio,0.7616701547674236,0.6508712520934139,0.5859466293364476,0.6907325954570922
KINO,retainedEarningsEquityRatio,0.46639743521117144,0.36510042480570953,0.3323428428647237,0.31110812784308833
KINO,returnOnEquity,0.19890922129391286,0.06954382044995036,0.054716598658909404,0.09362396152996169
KINO,operationalProfitMargin,0.09482636715607931,0.06743110344825186,0.059104274739998824,0.06844546618620215
KINO,netProfitMargin,0.11123289463348396,0.041572911967940454,0.03493491863390797,0.051703499564411864
KINO,earningPerShare,364.31123465034534,105.10415217558764,77.29170110428015,126.42139371951883
KINO,bookValuePerShare,1831.5452259100175,1511.3370461323666,1412.5823424460043,1350.3102373964516
KLBF,totalAssets,20264726.862584,18146206.145369,16616239.416335,15226009.210657
KLBF,totalStockholderEquity,15893126.390994,14623457.976061,13280807.474738,11909264.708049
KLBF,retainedEarnings,15361120.510782,14073109.113567,12787858.134046,11415504.887067
KLBF,totalLiab,3559144.386553,2851611.349015,2722207.633646,2762162.069572
KLBF,totalRevenue,22633476.361038,21074306.186027,20182120.166616,19374230.957505
KLBF,operatingIncome,3331569.871365,3197584.827562,3172485.773245,3010741.18864
KLBF,netIncome,2506764.572075,2457129.032271,2403605.933399,2299734.57255
KLBF,totalCashflowsFromInvestingActivities,-1900541.453691,-1289828.516617,-1113563.32151,-1014922.828804
KLBF,totalCashFromFinancingActivities,-706915.284781,-1139657.725535,-976386.87113,-941395.59198
KLBF,totalCashFromOperatingActivities,2502968.822391,2770775.949459,2008316.536066,2159833.281176
KLBF,debtEquityRatio,0.2239423697385195,0.19500253316849991,0.20497305143712305,0.23193388821940988
KLBF,retainedEarningsEquityRatio,0.966526039803379,0.9623653404417112,0.9628825776121173,0.9585398567345399
KLBF,returnOnEquity,0.15772633466851957,0.16802653902335463,0.1809834182124094,0.1931046650592711
KLBF,operationalProfitMargin,0.14719656044972715,0.15172906758288016,0.15719288890632646,0.15539926179489094
KLBF,netProfitMargin,0.11075473038645649,0.11659359082009363,0.1190958092388576,0.11870068946706509
KLBF,earningPerShare,53.48004130921115,52.421102329183356,51.27922503820898,49.06320334597234
KLBF,bookValuePerShare,339.0685608817687,311.9810872370415,283.33659262654453,254.07570205988026
LINK,totalAssets,6652974.0,6023611.0,5766226.0,5055036.0
LINK,totalStockholderEquity,4656413.0,4751097.0,4524185.0,3963079.0
LINK,retainedEarnings,3134037.0,3641048.0,3190508.0,2613988.0
LINK,totalLiab,1996559.0,1272512.0,1242039.0,1091956.0
LINK,totalRevenue,3755262.0,3728364.0,3399060.0,2954161.0
LINK,operatingIncome,1396598.0,1305699.0,1362938.0,1127601.0
LINK,netIncome,894531.0,788918.0,1007277.0,818563.0
LINK,totalCashflowsFromInvestingActivities,-1794186.0,-1115813.0,-970550.0,-744581.0
LINK,totalCashFromFinancingActivities,-265064.0,-771950.0,-357712.0,-590853.0
LINK,totalCashFromOperatingActivities,1757585.0,1721611.0,1547163.0,1560727.0
LINK,debtEquityRatio,0.42877618458671946,0.2678354072754145,0.27453320321781716,0.2755322313786831
LINK,retainedEarningsEquityRatio,0.6730582102575523,0.7663594323584637,0.7052116569061609,0.6595851356987837
LINK,returnOnEquity,0.19210731522311272,0.16604965127001195,0.22264275223051225,0.20654723259364752
LINK,operationalProfitMargin,0.37190427725149405,0.35020695404204094,0.4009749754343848,0.3816992371099612
LINK,netProfitMargin,0.2382073474500581,0.2115989747782137,0.2963398704347673,0.2770881478700721
LINK,earningPerShare,325.09721947104526,286.71454448270447,366.0722232512189,297.4883545253068
LINK,bookValuePerShare,1692.2688190893646,1726.6795942647318,1644.21351956792,1440.292134586829
LPPF,totalAssets,4832910.0,5036396.0,5427426.0,4858878.0
LPPF,totalStockholderEquity,1746627.0,1815828.0,2327985.0,1855243.0
LPPF,retainedEarnings,5371581.0,5324476.0,5513125.0,5040383.0
LPPF,totalLiab,3086283.0,3220568.0,3099441.0,3003635.0
LPPF,totalRevenue,10276431.0,10245173.0,10023961.0,9897046.0
LPPF,operatingIncome,1798152.0,2356199.0,2408621.0,2534194.0
LPPF,netIncome,1366884.0,1097332.0,1907077.0,2019705.0
LPPF,totalCashflowsFromInvestingActivities,-456809.0,-689069.0,-914097.0,-506621.0
LPPF,totalCashFromFinancingActivities,-1463983.0,-1681134.0,-1429497.0,-1258576.0
LPPF,totalCashFromOperatingActivities,1909218.0,1971466.0,2213567.0,2531383.0
LPPF,debtEquityRatio,1.766996044375817,1.7736085135816828,1.3313835785024388,1.6189981581927542
LPPF,retainedEarningsEquityRatio,3.075402475743247,2.9322579010787364,2.3681961009198944,2.716831703448012
LPPF,returnOnEquity,0.7825849480169492,0.604314946129259,0.819196429530259,1.088647147570426
LPPF,operationalProfitMargin,0.17497825850239251,0.2299813775716623,0.24028634987705957,0.2560555947703992
LPPF,netProfitMargin,0.1330115484646372,0.1071072201513825,0.19025183757199374,0.20407149769739374
LPPF,earningPerShare,520.489719365607,417.8482041862369,726.1874252230648,769.0745437442484
LPPF,bookValuePerShare,665.0903786030066,691.4411216578812,886.4631229404563,706.4497853695024
LSIP,totalAssets,10225322.0,10037294.0,9852695.0,9459088.0
LSIP,totalStockholderEquity,8495878.0,8328225.0,8224609.0,7640094.0
LSIP,retainedEarnings,6775153.0,6606765.0,6501216.0,5930180.0
LSIP,totalLiab,1726822.0,1705175.0,1622254.0,1813104.0
LSIP,totalRevenue,3699439.0,4019846.0,4738022.0,3847869.0
LSIP,operatingIncome,318011.0,308879.0,942862.0,817672.0
LSIP,netIncome,253902.0,331364.0,733306.0,593829.0
LSIP,totalCashflowsFromInvestingActivities,-861487.0,-344166.0,-524941.0,-396168.0
LSIP,totalCashFromFinancingActivities,-135171.0,-318310.0,-248009.0,-263792.0
LSIP,totalCashFromOperatingActivities,480290.0,663239.0,1261942.0,1071563.0
LSIP,debtEquityRatio,0.20325409569205208,0.20474650961039118,0.1972439054549584,0.2373143576505734
LSIP,retainedEarningsEquityRatio,0.7974635464398147,0.7932980917302306,0.7904589750102406,0.7761920206740912
LSIP,returnOnEquity,0.029885316149784638,0.039788070086963306,0.08915998316758889,0.07772535259382934
LSIP,operationalProfitMargin,0.08596195260957135,0.07683851570433295,0.19899907598571726,0.21249995776883257
LSIP,netProfitMargin,0.06863256834347045,0.08243201356469874,0.15477049283435154,0.15432671954268715
LSIP,earningPerShare,37.229249705268735,48.587380561542126,107.52350191952719,87.07220944785794
LSIP,bookValuePerShare,1245.7371880784679,1221.154493177138,1205.9614425613054,1120.2549302397201
MAPI,totalAssets,13937115.0,12632671.0,11425390.0,10683437.788
MAPI,totalStockholderEquity,6171002.0,5452442.0,4037833.0,3203495.226
MAPI,retainedEarnings,3636664.0,2868567.0,2198886.0,1905577.857
MAPI,totalLiab,6566570.0,6570485.0,7182976.0,7479927.515
MAPI,totalRevenue,21578745.0,18921123.0,16305733.0,14149615.423
MAPI,operatingIncome,1930758.0,1505513.0,1038110.0,839765.3
MAPI,netIncome,933493.0,735829.0,334651.0,208475.799
MAPI,totalCashflowsFromInvestingActivities,-799003.0,-1051223.0,-1070012.0,-972975.718
MAPI,totalCashFromFinancingActivities,-1177188.0,-396702.0,-523749.0,754561.601
MAPI,totalCashFromOperatingActivities,2372842.0,1583681.0,1360141.0,1228389.99
MAPI,debtEquityRatio,1.0641010973582572,1.2050536255131188,1.778918543684199,2.3349270054445213
MAPI,retainedEarningsEquityRatio,0.5893149929298354,0.526106834332213,0.5445708131069313,0.5948433578218169
MAPI,returnOnEquity,0.1512708957151529,0.13495402610426668,0.08287886101282545,0.06507760564397982
MAPI,operationalProfitMargin,0.08947499032033605,0.07956784594656459,0.06366533782933892,0.05934898404623587
MAPI,netProfitMargin,0.043259837400182445,0.038889287913830485,0.020523517709998072,0.01473367245452661
MAPI,earningPerShare,56.43987964376218,44.488925142866506,20.233319545689852,12.604646209663228
MAPI,bookValuePerShare,373.1046833360461,329.6598584505657,244.13124527083886,193.68638543064245
MDKA,totalAssets,951.253163,797.809378,370.871474,304.177558
MDKA,totalStockholderEquity,492.948897,355.33192,189.285001,158.869356
MDKA,retainedEarnings,152.026401,81.199278,28.715149,-14.367771
MDKA,totalLiab,427.008847,375.656245,181.360315,145.118514
MDKA,totalRevenue,402.039388,293.88226,129.425445,0.0
MDKA,operatingIncome,135.317138,123.215769,74.513888,-4.224813
MDKA,netIncome,70.827123,52.484129,43.08292,-2.756363
MDKA,totalCashflowsFromInvestingActivities,-153.213684,-114.801889,-61.550166,-79.391959
MDKA,totalCashFromFinancingActivities,65.429183,41.689558,-18.667941,114.395935
MDKA,totalCashFromOperatingActivities,123.356721,50.905856,72.292157,-10.977128
MDKA,debtEquityRatio,0.866233497221924,1.0571981402627717,0.9581335765743003,0.9134455986590642
MDKA,retainedEarningsEquityRatio,0.30840194982726576,0.2285167006668019,0.15170324562589088,-0.09043764865516292
MDKA,returnOnEquity,0.1436804574085496,0.14770451525998565,0.22760873694371592,-0.01734987205462078
MIKA,totalAssets,5576085.408175,5089416.875753,4712039.481525,4176188.101672
MIKA,totalStockholderEquity,4295673.249265,4071350.251848,3702751.180024,3528357.195546
MIKA,retainedEarnings,2776960.537338,2317996.332396,1640038.060832,1474012.073052
MIKA,totalLiab,783434.418324,639496.458042,681524.616665,539773.268297
MIKA,totalRevenue,3205020.519049,2713087.099834,2495711.8131,2435465.884784
MIKA,operatingIncome,917740.439271,767955.077488,757375.20175,748481.054958
MIKA,netIncome,730145.081007,613558.872726,679807.735832,695438.970042
MIKA,totalCashflowsFromInvestingActivities,-675213.398951,-308597.471045,-826666.461026,-1466706.222684
MIKA,totalCashFromFinancingActivities,-481184.71094,-347059.753483,-621612.672503,-363768.457534
MIKA,totalCashFromOperatingActivities,894242.357918,743203.517544,769745.37754,864666.896405
MIKA,debtEquityRatio,0.18237756292521723,0.15707232698825907,0.18405898304529947,0.15298146938705057
MIKA,retainedEarningsEquityRatio,0.6464552530416843,0.5693433846286876,0.4429241882846068,0.4177615789333093
MIKA,returnOnEquity,0.16997221125511106,0.15070156944799912,0.18359530597127344,0.19709993390688535
MIKA,operationalProfitMargin,0.2863446376759278,0.28305581399689944,0.30347061618834953,0.3073256166856069
MIKA,netProfitMargin,0.22781291934556788,0.2261478714647755,0.2723903185711134,0.2855465865430006
MIKA,earningPerShare,51.27063285540681,43.08397401695353,47.73595514474705,48.83357709839012
MIKA,bookValuePerShare,301.6412652210236,285.88935188110327,260.00640317141955,247.76049453908112
MNCN,totalAssets,17836430.0,16339552.0,15057291.0,14239867.0
MNCN,totalStockholderEquity,11629738.0,9865754.0,9024688.0,8818137.0
MNCN,retainedEarnings,10692594.0,8669057.0,7317991.0,6460202.0
MNCN,totalLiab,5310928.0,5697247.0,5256208.0,4752769.0
MNCN,totalRevenue,8353365.0,7443905.0,7052686.0,6730276.0
MNCN,operatingIncome,3259000.0,2739763.0,2665753.0,2331933.0
MNCN,netIncome,2233316.0,1531395.0,1453313.0,1368677.0
MNCN,totalCashflowsFromInvestingActivities,-1332132.0,-1625457.0,-726609.0,-196174.0
MNCN,totalCashFromFinancingActivities,-481111.0,-131119.0,-1501353.0,-1668661.0
MNCN,totalCashFromOperatingActivities,1723865.0,2007838.0,2197773.0,1965553.0
MNCN,debtEquityRatio,0.4566678974195291,0.5774770990640958,0.5824254533785544,0.5389765434581023
MNCN,retainedEarningsEquityRatio,0.9194183050383422,0.8787019218196602,0.8108857613692573,0.7326039502448193
MNCN,returnOnEquity,0.19203493664259677,0.15522331085895716,0.1610374785255734,0.15521158267330162
MNCN,operationalProfitMargin,0.39014217623676206,0.3680545358921158,0.37797698635668736,0.34648400749092606
MNCN,netProfitMargin,0.26735525144657274,0.20572468348266132,0.20606517857168177,0.20336119945155295
MNCN,earningPerShare,169.7848509423185,116.4222491617003,110.48616992737873,104.0518316410126
MNCN,bookValuePerShare,884.1352199277744,750.0307042637866,686.089790643568,670.3870281384021
MTDL,totalAssets,5625277.0,4852776.0,4271127.0,3876021.0
MTDL,totalStockholderEquity,2098854.0,1804546.0,1527149.0,1300558.0
MTDL,retainedEarnings,1624497.0,1328810.0,1065320.0,880084.0
MTDL,totalLiab,2582422.0,2252545.0,2069409.0,2026722.0
MTDL,totalRevenue,15069692.0,12713412.0,10817141.0,10048153.0
MTDL,operatingIncome,707078.0,578194.0,467494.0,445447.0
MTDL,netIncome,357071.0,288044.0,247413.0,220662.0
MTDL,totalCashflowsFromInvestingActivities,-15073.0,-95608.0,-87676.0,-76314.0
MTDL,totalCashFromFinancingActivities,-83183.0,-93212.0,-463.0,-425732.0
MTDL,totalCashFromOperatingActivities,174538.0,348323.0,78901.0,684332.0
MTDL,debtEquityRatio,1.2303962066918424,1.2482613355381353,1.3550799561797833,1.558348032152353
MTDL,retainedEarningsEquityRatio,0.7739923786980896,0.7363680393849755,0.697587465270252,0.6766972330338209
MTDL,returnOnEquity,0.17012665006713187,0.15962131195325582,0.16200973185982506,0.16966717362855022
MTDL,operationalProfitMargin,0.046920534275020354,0.04547905786424604,0.043217889089178,0.04433123181941995
MTDL,netProfitMargin,0.02369464485405541,0.022656703015681394,0.02287230979054447,0.021960453826688348
MTDL,earningPerShare,143.60617616247583,115.84502075649995,99.50411784459291,88.74544850845979
MTDL,bookValuePerShare,844.1133479428939,725.7490828694886,614.1860535309471,523.0560904064381
MYOR,totalAssets,19037918.806473,17591706.426634,14915849.800251,12922421.859142
MYOR,totalStockholderEquity,9662866.0798,8342647.69922,7186069.576195,6121490.034226
MYOR,retainedEarnings,9219327.921684,7900855.271848,6743645.888746,5675490.423386
MYOR,totalLiab,9137978.611155,9049161.94494,7561503.434179,6657165.872077
MYOR,totalRevenue,25026739.472547,24060802.395725,20816673.946473,18349959.898358
MYOR,operatingIncome,3172264.551034,2627892.008006,2460559.38805,2315242.242867
MYOR,netIncome,1987755.412096,1716355.870266,1594441.049254,1354950.312035
MYOR,totalCashflowsFromInvestingActivities,-1845317.472514,-1196001.406035,-526316.631073,-746551.666042
MYOR,totalCashFromFinancingActivities,-865449.663817,941471.315759,-102040.044225,-11027.80552
MYOR,totalCashFromOperatingActivities,3303864.262122,459273.241788,1275530.669068,659314.197175
MYOR,debtEquityRatio,0.9456799396462436,1.0846870527429868,1.0522446733924877,1.0875074262730104
MYOR,retainedEarningsEquityRatio,0.954098695516105,0.9470440987921249,0.9384331472499795,0.9271419853097266
MYOR,returnOnEquity,0.20571074831010616,0.20573275201666152,0.22187943386129183,0.22134321945462737
MYOR,operationalProfitMargin,0.12675500755956665,0.10921880179993125,0.11820137041954758,0.1261715151254458
MYOR,netProfitMargin,0.07942526489623077,0.07133410773411918,0.07659441913505825,0.07383941542870862
MYOR,earningPerShare,88.9029942488935,76.7645632529881,71.31188403233091,60.600584491109615
MYOR,bookValuePerShare,432.1747647083246,373.1275769196497,321.3992517977651,273.7855925310239
PGAS,totalAssets,7373.713156,7939.273167,8183.180242,6834.152968
PGAS,totalStockholderEquity,2560.866153,2574.5374,3740.913195,3163.174709
PGAS,retainedEarnings,2728.810783,2758.599371,2571.000681,2564.574258
PGAS,totalLiab,4139.412275,4737.382456,3872.766621,3663.959634
PGAS,totalRevenue,3848.717684,3870.266738,3570.597761,2934.77871
PGAS,operatingIncome,414.40806,633.917577,507.868522,467.369952
PGAS,netIncome,67.58409,304.991574,196.904843,304.324421
PGAS,totalCashflowsFromInvestingActivities,-939.771629,-724.024599,-318.78306,-500.527338
PGAS,totalCashFromFinancingActivities,-155.142943,-10.607964,-699.499996,5.389376
PGAS,totalCashFromOperatingActivities,810.581461,918.971233,728.617597,655.546283
PGAS,debtEquityRatio,1.6164110217751,1.840090750283915,1.0352463206513938,1.1583171879742036
PGAS,retainedEarningsEquityRatio,1.0655811822899282,1.071493220879215,0.6872655276888883,0.8107595987990053
PGAS,returnOnEquity,0.02639110596265513,0.11846461193377886,0.05263550174411358,0.09620854015243709
PGAS,operationalProfitMargin,0.10767432013077734,0.16379170220385986,0.14223627414636694,0.15925219520213843
PGAS,netProfitMargin,0.017560157836715985,0.07880376073448818,0.05514618452705628,0.10369586639123464
PGAS,earningPerShare,0.00278794987911598,0.01258138153320837,0.008122634087981372,0.012553860423939873
PGAS,bookValuePerShare,0.1056397516292452,0.1062037120439081,0.15431854582614968,0.13048592571978515
POWR,totalAssets,1324.811462,1308.996128,1323.434105,1270.812513
POWR,totalStockholderEquity,659.64129,640.446654,640.168973,604.104942
POWR,retainedEarnings,249.079723,211.62018,209.972973,173.932629
POWR,totalLiab,665.170172,668.549474,683.265132,666.707571
POWR,totalRevenue,588.491199,574.107058,566.147774,550.856228
POWR,operatingIncome,158.860539,155.831074,155.39024,114.366706
POWR,netIncome,113.529989,78.893381,107.333633,103.848592
POWR,totalCashflowsFromInvestingActivities,51.483213,-51.340734,-148.387299,-117.601364
POWR,totalCashFromFinancingActivities,-94.141538,-79.763513,-71.463093,181.128042
POWR,totalCashFromOperatingActivities,125.735333,142.097122,147.204892,99.84369
POWR,debtEquityRatio,1.0083816493658242,1.0438800325124349,1.0673199745967694,1.1036287317775328
POWR,retainedEarningsEquityRatio,0.37759874461466775,0.3304259280274107,0.32799617266049536,0.28791790450209553
POWR,returnOnEquity,0.17210867591384402,0.1231849374296208,0.16766453471964815,0.17190488734654316
POWR,operationalProfitMargin,0.2699454796774284,0.27143208192364704,0.2744694002806412,0.2076162530016816
POWR,netProfitMargin,0.1929170549923551,0.1374192842617866,0.18958589599612202,0.18852213467213444
POWR,earningPerShare,0.007208985322847987,0.0050096122681633866,0.0068155259395379,0.006594231023191845
POWR,bookValuePerShare,0.041886240101322594,0.040667409284723025,0.04064977695452494,0.03835976466392448
PTBA,totalAssets,26098052.0,24172933.0,21987482.0,18576774.0
PTBA,totalStockholderEquity,18258275.0,16015169.0,13608095.0,10421337.0
PTBA,retainedEarnings,17057049.0,16814700.0,14564510.0,11365741.0
PTBA,totalLiab,7675226.0,7903237.0,8187497.0,8024369.0
PTBA,totalRevenue,21787564.0,21166993.0,19471030.0,14058869.0
PTBA,operatingIncome,5014355.0,6224069.0,5898515.0,2530807.0
PTBA,netIncome,4056888.0,5023946.0,4476444.0,2006188.0
PTBA,totalCashflowsFromInvestingActivities,-3784778.0,-1576781.0,-536264.0,-315119.0
PTBA,totalCashFromFinancingActivities,-2033191.0,-3585132.0,-2006843.0,-1011134.0
PTBA,totalCashFromOperatingActivities,4296479.0,7867786.0,2415444.0,1928346.0
PTBA,debtEquityRatio,0.42036972276953877,0.493484458390667,0.6016637156045721,0.7699941955624312
PTBA,retainedEarningsEquityRatio,0.9342092284183473,1.0499233570373188,1.0702827985842251,1.0906221533762894
PTBA,returnOnEquity,0.2221944844187088,0.313699218534628,0.3289544936304457,0.19250773677120317
PTBA,operationalProfitMargin,0.23014757409318454,0.2940459705353519,0.3029380058476619,0.18001497844527892
PTBA,netProfitMargin,0.18620200037048656,0.23734812025496488,0.22990278377671855,0.14269910332047336
PTBA,earningPerShare,362.7370850708542,449.20429836696945,400.2506966036319,179.37857471641487
PTBA,bookValuePerShare,1632.5206542359688,1431.958614577752,1216.7357624039082,931.7993018099196
PTPP,totalAssets,59165548.433821,52549150.902972,41782780.915111,31215671.256566
PTPP,totalStockholderEquity,13434451.825855,12765753.024575,11453720.406301,9651872.062165
PTPP,retainedEarnings,5904243.297708,5274318.157692,4062974.630774,2916844.742939
PTPP,totalLiab,41839415.194726,36233538.927553,27539670.430514,20437542.443428
PTPP,totalRevenue,24659998.995266,25119560.112231,21502259.604154,16458884.219698
PTPP,operatingIncome,2354334.279764,2328079.120284,2291428.718797,1847633.923747
PTPP,netIncome,930322.560867,1501973.077232,1453140.728771,1020027.911191
PTPP,totalCashflowsFromInvestingActivities,-3025092.873354,-3705687.063463,-3903484.06301,-1826286.676813
PTPP,totalCashFromFinancingActivities,3195452.53624,2209239.320761,2695858.445661,6899357.806294
PTPP,totalCashFromOperatingActivities,300140.201059,716128.002645,1462721.816743,986831.200221
PTPP,debtEquityRatio,3.114337357197173,2.838339333198818,2.4044301286910836,2.1174692652156515
PTPP,retainedEarningsEquityRatio,0.43948524094932623,0.4131615383392233,0.3547296849099659,0.3022050773313634
PTPP,returnOnEquity,0.06924901536187482,0.11765644175792786,0.12687063043477018,0.10568187234779808
PTPP,operationalProfitMargin,0.09547179139041989,0.09267993188903142,0.10656687999219959,0.11225754425903008
PTPP,netProfitMargin,0.037725977241345174,0.059792968926262055,0.06758083827107497,0.061974305036439234
PTPP,earningPerShare,150.05444622769866,242.25762959346363,234.38131731798296,164.52328449169286
PTPP,bookValuePerShare,2166.88201909527,2059.0256340736223,1847.4040565163643,1556.7786682492551
PWON,totalAssets,26095153.343,25018080.224,23358717.736,20674141.654
PWON,totalStockholderEquity,14971364.155,12596118.145,10319566.041,8683747.84
PWON,retainedEarnings,13401006.038,11018590.256,8764678.943,7108616.297
PWON,totalLiab,7999510.286,9706398.758,10567227.711,9654447.854
PWON,totalRevenue,7202001.193,7080668.385,5749184.68,4841104.813
PWON,operatingIncome,3451006.211,3458909.022,2794842.721,2260036.527
PWON,netIncome,2719532.999,2542868.927,1872780.857,1670766.935
PWON,totalCashflowsFromInvestingActivities,-885808.531,-787687.922,-882528.432,-1141363.465
PWON,totalCashFromFinancingActivities,-1045527.883,-488677.794,-405538.634,165358.018
PWON,totalCashFromOperatingActivities,1770398.006,2364842.64,2258239.457,1324703.811
PWON,debtEquityRatio,0.5343207341148266,0.770586512945096,1.023999233011934,1.1117835330879438
PWON,retainedEarningsEquityRatio,0.8951092164520262,0.8747607897258255,0.8493263096701569,0.8186115520599917
PWON,returnOnEquity,0.18164897806535252,0.20187718928385776,0.18147864450495066,0.19240159500071344
PWON,operationalProfitMargin,0.4791732351216788,0.4885003553234473,0.4861285341419925,0.46684313071079125
PWON,netProfitMargin,0.37760796285944187,0.3591283744324089,0.32574720786322003,0.3451210001719911
PWON,earningPerShare,56.469177493412104,52.80087310359767,38.88696870348122,34.692292624259906
PWON,bookValuePerShare,310.8697780457426,261.5494761488621,214.27848334199126,180.31187643808914
RALS,totalAssets,5649823.0,5243047.0,4891922.0,4647009.0
RALS,totalStockholderEquity,4168930.0,3827465.0,3494345.0,3337399.0
RALS,retainedEarnings,4040557.0,3729800.0,3411608.0,3247049.0
RALS,totalLiab,1480893.0,1415582.0,1397577.0,1309610.0
RALS,totalRevenue,5596398.0,5739553.0,5622728.0,5857037.0
RALS,operatingIncome,543638.0,580330.0,343307.0,336958.0
RALS,netIncome,647898.0,587105.0,406580.0,408479.0
RALS,totalCashflowsFromInvestingActivities,-516531.0,680634.0,-461407.0,-589083.0
RALS,totalCashFromFinancingActivities,-301759.0,-268913.0,-242021.0,-410544.0
RALS,totalCashFromOperatingActivities,1075634.0,787153.0,851579.0,759124.0
RALS,debtEquityRatio,0.3552213637552082,0.36984845060634125,0.39995392555686404,0.392404384372381
RALS,retainedEarningsEquityRatio,0.9692072066453502,0.9744831108840969,0.9763226012314182,0.9729280196943788
RALS,returnOnEquity,0.15541110069010514,0.15339265022671664,0.11635370863495162,0.12239441553137638
RALS,operationalProfitMargin,0.09714069656947201,0.10111066140516517,0.06105701716319907,0.057530454391870836
RALS,netProfitMargin,0.1157705366916363,0.10229106691758051,0.07231009574000379,0.06974157752460844
RALS,earningPerShare,96.19181066973084,87.16602459531026,60.363925158125454,60.645864982699415
RALS,bookValuePerShare,618.9507071411873,568.2542446882401,518.7967437076833,495.4953599754113
ROTI,totalAssets,4682083.844951,4393810.380883,4559573.709411,2919640.858718
ROTI,totalStockholderEquity,3069195.537015,2841883.886948,2773993.923687,1399298.181675
ROTI,retainedEarnings,1565296.764733,1337358.114301,1193185.012557,1127741.662038
ROTI,totalLiab,1589486.465854,1476909.260772,1739467.993982,1476889.086692
ROTI,totalRevenue,3337022.314624,2766545.866684,2491100.17956,2521920.968213
ROTI,operatingIncome,345920.872707,176890.555061,249283.48863,434037.630369
ROTI,netIncome,301002.075111,172687.391659,145981.447247,279960.998626
ROTI,totalCashflowsFromInvestingActivities,-515269.836364,-367322.473111,-369535.48263,-216566.544621
ROTI,totalCashFromFinancingActivities,-55125.346349,-543604.133261,1282056.152415,-100760.131559
ROTI,totalCashFromOperatingActivities,479788.528325,295922.456326,370617.213073,414702.426418
ROTI,debtEquityRatio,0.5178837407667688,0.51969373821184,0.6270626547263738,1.0554498719666179
ROTI,retainedEarningsEquityRatio,0.5100022940393549,0.47058858401749704,0.4301325256585643,0.8059337722343503
ROTI,returnOnEquity,0.09807197732463303,0.06076511164024196,0.05262500613302412,0.20007243794948598
ROTI,operationalProfitMargin,0.1036615401674282,0.06393913695456717,0.10006963616936138,0.1721059604324371
ROTI,netProfitMargin,0.09020079781663537,0.06241985493122665,0.0586011949438278,0.1110110119050942
ROTI,earningPerShare,53.438898092312535,30.65833988449909,25.917056152931632,49.703335998198
ROTI,bookValuePerShare,544.8946737906764,504.53852641645557,492.48557021388604,248.42670238639784
SCMA,totalAssets,6716724.073,6589842.943,5385807.878,4820611.941
SCMA,totalStockholderEquity,4908127.564,4806711.087,3901139.064,3426553.045
SCMA,retainedEarnings,3801887.824,3551987.916,2871400.883,2387980.793
SCMA,totalLiab,1228125.546,1138592.812,980414.618,1115203.785
SCMA,totalRevenue,5523362.497,5276794.93,4453848.569,4524135.762
SCMA,operatingIncome,1427150.874,1840058.765,1770237.832,2003317.342
SCMA,netIncome,1070166.566,1484762.24,1331459.399,1500932.148
SCMA,totalCashflowsFromInvestingActivities,-1102474.72,-132706.683,-526488.902,-250323.036
SCMA,totalCashFromFinancingActivities,-541315.28,-854865.787,-998668.186,-1367806.881
SCMA,totalCashFromOperatingActivities,1193085.922,1671725.614,1248985.149,1384727.657
SCMA,debtEquityRatio,0.25022282530063433,0.2368756497721245,0.2513149626085721,0.32545936699485706
SCMA,retainedEarningsEquityRatio,0.7746106380539053,0.7389643046378502,0.7360416626768064,0.6969046623937497
SCMA,returnOnEquity,0.2180396805187845,0.30889358921854415,0.3413001631464015,0.43802974251052346
SCMA,operationalProfitMargin,0.25838443063897276,0.34870765102861406,0.39746251013591655,0.44280663697731004
SCMA,netProfitMargin,0.19375273062038897,0.28137577065175057,0.29894581694297384,0.3317610759179512
SCMA,earningPerShare,75.32936260721557,104.51288305568464,93.72184765493441,105.65108798728716
SCMA,bookValuePerShare,345.4846495279368,338.34591167815114,274.6024109421014,241.1961511603266
SIDO,totalAssets,3536898.0,3337628.0,3158198.0,2987614.0
SIDO,totalStockholderEquity,3064700.0,2902607.0,2895858.0,2757878.0
SIDO,retainedEarnings,917545.0,755452.0,749666.0,613914.0
SIDO,totalLiab,472191.0,435014.0,262333.0,229729.0
SIDO,totalRevenue,3067434.0,2763292.0,2573840.0,2561806.0
SIDO,operatingIncome,1031036.0,816300.0,641064.0,582399.0
SIDO,netIncome,807689.0,663849.0,533799.0,480525.0
SIDO,totalCashflowsFromInvestingActivities,-136225.0,-288721.0,-350264.0,9402.0
SIDO,totalCashFromFinancingActivities,-640028.0,-653919.0,-384739.0,-312151.0
SIDO,totalCashFromOperatingActivities,836914.0,846389.0,640695.0,462656.0
SIDO,debtEquityRatio,0.15407413449929847,0.1498700995346597,0.09058904131348981,0.08329918872408425
SIDO,retainedEarningsEquityRatio,0.29939145756517765,0.26026671884964103,0.2588752625301379,0.22260375549607342
SIDO,returnOnEquity,0.26354586093255455,0.22870784780716094,0.18433189748944873,0.17423722151596263
SIDO,operationalProfitMargin,0.3361232874122149,0.2954085199826873,0.2490690952040531,0.2273392286535358
SIDO,netProfitMargin,0.26331096284386235,0.24023845471271224,0.20739401050570355,0.18757275141052834
SIDO,earningPerShare,27.13215575758583,22.300234951222063,17.931552381230347,16.141954570897873
SIDO,bookValuePerShare,102.95041501156174,97.50533339820022,97.27861876025425,92.64354901010078
SILO,totalAssets,7741782.0,7694942.0,7596268.0,4215690.0
SILO,totalStockholderEquity,5941276.0,6286494.0,6292671.0,3121878.0
SILO,retainedEarnings,208313.0,553531.0,546922.0,447325.0
SILO,totalLiab,1754101.0,1378267.0,1282754.0,1086620.0
SILO,totalRevenue,7017919.0,5964650.0,5305996.0,5168363.0
SILO,operatingIncome,68522.0,210553.0,219288.0,221698.0
SILO,netIncome,-338772.0,16182.0,93566.0,85901.0
SILO,totalCashflowsFromInvestingActivities,-529155.0,-944334.0,-3077781.0,-567772.0
SILO,totalCashFromFinancingActivities,-23929.0,25640.0,3040021.0,907970.0
SILO,totalCashFromOperatingActivities,651507.0,203640.0,225781.0,239865.0
SILO,debtEquityRatio,0.2952397767752247,0.21924255395773862,0.20384889024072608,0.3480661319885018
SILO,retainedEarningsEquityRatio,0.0350619967831826,0.08805082769505547,0.08691412597289767,0.14328714959393032
SILO,returnOnEquity,-0.057020074475584034,0.00257408978677145,0.01486904368590063,0.0275158093942172
SILO,operationalProfitMargin,0.009763863048291096,0.03530014334453824,0.041328338732256865,0.04289520685756786
SILO,netProfitMargin,-0.04827242947660126,0.0027129839973845907,0.017634012539775756,0.016620543100397553
SILO,earningPerShare,-208.52255089935588,9.960421518464857,57.592188839246255,52.87419162388146
SILO,bookValuePerShare,3657.0024297082446,3869.4926531516635,3873.294749537744,1921.5931781746406
SIMP,totalAssets,34910838.0,34666506.0,33859154.0,32537592.0
SIMP,totalStockholderEquity,14484953.0,14863346.0,14964381.0,14461648.0
SIMP,retainedEarnings,8927905.0,9403861.0,9503745.0,8996151.0
SIMP,totalLiab,17129515.0,16379829.0,15332334.0,14919304.0
SIMP,totalRevenue,13650388.0,14059450.0,15826648.0,14530938.0
SIMP,operatingIncome,728656.0,903729.0,1799587.0,2050335.0
SIMP,netIncome,-546148.0,-76566.0,486072.0,538330.0
SIMP,totalCashflowsFromInvestingActivities,-2513962.0,-2120297.0,-1863435.0,-1729647.0
SIMP,totalCashFromFinancingActivities,508098.0,746377.0,267280.0,17516.0
SIMP,totalCashFromOperatingActivities,1677215.0,1155072.0,1984588.0,2129871.0
SIMP,debtEquityRatio,1.1825730466643558,1.1020283723463076,1.0245885880612102,1.0316461858288903
SIMP,retainedEarningsEquityRatio,0.6163571949456792,0.6326880232755128,0.6350910872958928,0.6220695594305711
SIMP,returnOnEquity,-0.03770450618652335,-0.0051513299898959496,0.03248193159476493,0.03722466485147474
SIMP,operationalProfitMargin,0.05337987462334404,0.0642791147591122,0.11370613663739788,0.1411013521632258
SIMP,netProfitMargin,-0.04000970521863555,-0.005445874482998979,0.030712251893136183,0.03704716102979725
SIMP,earningPerShare,-35.23240175653595,-4.939327934719035,31.35685562631913,34.72805693254575
SIMP,bookValuePerShare,934.4347750436524,958.8451806440773,965.3630214335183,932.9313526692482
SMBR,totalAssets,5571270.204,5538079.503,5060337.247,4368876.996
SMBR,totalStockholderEquity,3482255.377,3473634.732,3412826.283,3120729.048
SMBR,retainedEarnings,1267929.24,1256828.043,1217417.28,1135542.375
SMBR,totalLiab,2088977.112,2064408.447,1647477.388,1248119.294
SMBR,totalRevenue,1999516.771,1995807.528,1551524.99,1522808.093
SMBR,operatingIncome,231190.252,260315.846,192121.985,328156.061
SMBR,netIncome,30072.339,76071.973,146643.51,259086.871
SMBR,totalCashflowsFromInvestingActivities,-342993.04,-326243.271,-401728.609,-2026229.889
SMBR,totalCashFromFinancingActivities,-17220.792,253868.233,366854.111,531161.001
SMBR,totalCashFromOperatingActivities,87929.949,64469.29,183236.105,87306.699
SMBR,debtEquityRatio,0.5998919912070538,0.5943078666222871,0.4827311006734884,0.3999447804672083
SMBR,retainedEarningsEquityRatio,0.36411150324429525,0.3618192872790518,0.3567182092051417,0.36387086399818713
SMBR,returnOnEquity,0.008635879837712431,0.021899819315832427,0.042968348764325315,0.08302126426709251
SMBR,operationalProfitMargin,0.11562306220836395,0.13043133786596278,0.12382783792609102,0.21549403533410297
SMBR,netProfitMargin,0.01503980333456278,0.038115886393229395,0.09451572546053545,0.17013757162899448
SMBR,earningPerShare,3.0276617036692444,7.658872140762338,14.763964296845613,26.08468191483854
SMBR,bookValuePerShare,350.59099484543606,349.7230744376677,343.60092303811,314.1927811520673
SMGR,totalAssets,79807067.0,50783836.0,49068650.213,44226895.982
SMGR,totalStockholderEquity,32276815.0,31192085.0,28521975.162,29035195.76
SMGR,retainedEarnings,29774283.0,28613778.0,26340341.278,26527984.67
SMGR,totalLiab,45915143.0,18168521.0,19022617.574,13652504.525
SMGR,totalRevenue,40368107.0,30687626.0,27813664.176,26134306.138
SMGR,operatingIncome,6203884.0,4906698.0,2783742.176,5107762.961
SMGR,netIncome,2392151.0,3079115.0,1620995.09,4521596.208
SMGR,totalCashflowsFromInvestingActivities,-17160548.0,-1789031.0,-3490036.16,-5529206.6
SMGR,totalCashFromFinancingActivities,10284852.0,-1062338.0,1533416.507,-780378.185
SMGR,totalCashFromOperatingActivities,5608931.0,4459340.0,2759935.398,5180010.976
SMGR,debtEquityRatio,1.4225425587995593,0.5824721559972666,0.666946011486047,0.4702053548338122
SMGR,retainedEarningsEquityRatio,0.9224665754660117,0.9173409857019817,0.9235104205929398,0.9136492444988427
SMGR,returnOnEquity,0.07411360135750693,0.09871462584178005,0.056833198991059417,0.15572811168124184
SMGR,operationalProfitMargin,0.15368280707341567,0.15989174268482026,0.10008541695135767,0.1954428380087418
SMGR,netProfitMargin,0.059258438846290215,0.10033734769838501,0.05828053002087848,0.17301382267905227
SMGR,earningPerShare,403.2947581357377,519.1105992878886,273.28493174585066,762.2997248471474
SMGR,bookValuePerShare,5441.575510415919,5258.699963265016,4808.543889793039,4895.0681840122115
SMRA,totalAssets,24441657.276,23299242.068,21662950.72,20810319.657
SMRA,totalStockholderEquity,7367645.98,6903591.133,6509901.479,6242958.244
SMRA,retainedEarnings,5900414.099,5436359.252,5042669.598,4775726.363
SMRA,totalLiab,14990297.354,14238537.503,13309208.657,12644764.172
SMRA,totalRevenue,5941625.762,5661360.114,5640751.81,5397948.907
SMRA,operatingIncome,1588864.756,1547722.83,1341138.638,1409935.464
SMRA,netIncome,514984.429,448709.527,362062.815,311665.815
SMRA,totalCashflowsFromInvestingActivities,-581171.971,-340767.457,-442873.466,-799148.48
SMRA,totalCashFromFinancingActivities,217004.065,519598.429,256288.732,1300149.086
SMRA,totalCashFromOperatingActivities,504743.778,-128735.022,-378919.017,34709.39
SMRA,debtEquityRatio,2.0346115156309397,2.062482732347527,2.0444562333137575,2.0254442970450213
SMRA,retainedEarningsEquityRatio,0.8008547255143765,0.7874683113855839,0.7746153477540209,0.7649781043449824
SMRA,returnOnEquity,0.06989809640663543,0.06499653851965743,0.05561724953410773,0.04992277744281514
SMRA,operationalProfitMargin,0.2674124590884996,0.27338356840657957,0.2377588454826911,0.26119837150952124
SMRA,netProfitMargin,0.08667399288147896,0.07925825560723199,0.06418697847299898,0.057737822341340665
SMRA,earningPerShare,35.69637156497605,31.10249766510252,25.09654282013483,21.60325266133646
SMRA,bookValuePerShare,510.69161250559307,478.52544725433245,451.2366762175855,432.7333888039835
SMSM,totalAssets,3106981.0,2801203.0,2443341.0,2254740.0
SMSM,totalStockholderEquity,2089147.0,1863199.0,1591833.0,1377763.0
SMSM,retainedEarnings,1893165.0,1666299.0,1392022.0,1192888.0
SMSM,totalLiab,664678.0,650926.0,615157.0,674685.0
SMSM,totalRevenue,3935811.0,3933353.0,3339964.0,2879876.0
SMSM,operatingIncome,831433.0,804695.0,710163.0,669364.0
SMSM,netIncome,577522.0,556904.0,499430.0,452885.0
SMSM,totalCashflowsFromInvestingActivities,-111555.0,-195555.0,-101789.0,-127752.0
SMSM,totalCashFromFinancingActivities,-383113.0,-353900.0,-369865.0,-482485.0
SMSM,totalCashFromOperatingActivities,677867.0,542648.0,446032.0,582843.0
SMSM,debtEquityRatio,0.3181576021218229,0.3493593545294947,0.38644568871232093,0.4896959781907338
SMSM,retainedEarningsEquityRatio,0.9061904212580542,0.8943215405332442,0.8744774106328993,0.8658150930167234
SMSM,returnOnEquity,0.2764391399934997,0.29889668253364243,0.31374522327404947,0.3287103805226298
SMSM,operationalProfitMargin,0.21124820272111644,0.20458245166401287,0.21262594447125777,0.23242806287492934
SMSM,netProfitMargin,0.14673519638011073,0.14158505478659048,0.14953155183708566,0.15725850696349425
SMSM,earningPerShare,100.28721767571344,96.70688332648024,86.72647124054419,78.64388989002234
SMSM,bookValuePerShare,362.78226620901665,323.5461916362868,276.4232402824203,239.24979115348674
SSIA,totalAssets,8092446.81497,7404167.100524,8851436.967401,7195448.327618
SSIA,totalStockholderEquity,3964442.118621,3943972.057382,4008583.14515,2911919.895615
SSIA,retainedEarnings,2997067.511235,2955594.043515,3023495.480712,1918007.388148
SSIA,totalLiab,3614266.973106,3019160.765637,4374602.549195,3842621.248275
SSIA,totalRevenue,4006437.811242,3681834.788101,3274150.704829,3796963.231798
SSIA,operatingIncome,364030.598108,268205.32275,239591.241865,398979.761314
SSIA,netIncome,92308.006434,37674.434371,1178314.502325,62465.060263
SSIA,totalCashflowsFromInvestingActivities,-35824.980159,1993458.966375,170455.866173,-162162.544065
SSIA,totalCashFromFinancingActivities,324280.359816,-927385.702397,-280383.751018,1025966.210674
SSIA,totalCashFromOperatingActivities,-122618.235569,-847119.553346,-265358.62158,-259649.45513
SSIA,debtEquityRatio,0.9116710157350448,0.765512717055382,1.0913089215793985,1.3196177731611107
SSIA,retainedEarningsEquityRatio,0.7559872036364871,0.7493952798126355,0.7542553992849415,0.6586745023571177
SSIA,returnOnEquity,0.023283983892822883,0.009552409049269028,0.2939478762591334,0.021451503647838956
SSIA,operationalProfitMargin,0.0908614123714927,0.07284556157076612,0.07317660775712925,0.10507864758149596
SSIA,netProfitMargin,0.02303991994459148,0.0102325162695395,0.3598840152920023,0.016451320818669218
SSIA,earningPerShare,20.29398643343232,8.28275346363343,259.0533524477926,13.732991692841203
SSIA,bookValuePerShare,871.5856584872399,867.0852997304638,881.290097226016,640.187835700957
TINS,totalAssets,20361278.0,15220685.0,11876309.0,9548631.0
TINS,totalStockholderEquity,5258215.0,6148162.0,6061293.0,5653472.0
TINS,retainedEarnings,4950462.0,5747722.0,5818852.0,5391972.0
TINS,totalLiab,15102873.0,9072333.0,5814816.0,3894946.0
TINS,totalRevenue,19302627.0,11016677.0,9217160.0,6968294.0
TINS,operatingIncome,-118681.0,145103.0,765957.0,492551.0
TINS,netIncome,-611284.0,132295.0,502430.0,251832.0
TINS,totalCashflowsFromInvestingActivities,-1507131.0,-1254063.0,-806172.0,-548217.0
TINS,totalCashFromFinancingActivities,4436952.0,1921991.0,1754781.0,-467505.0
TINS,totalCashFromOperatingActivities,-2080269.0,-1261639.0,-148667.0,1090381.0
TINS,debtEquityRatio,2.8722433373302536,1.4756171031277314,0.959335904071953,0.6889476060021169
TINS,retainedEarningsEquityRatio,0.9414719633944219,0.9348683395135001,0.9600017685995381,0.953745238324343
TINS,returnOnEquity,-0.11625313913561922,0.02151781296589127,0.08289155465673743,0.0445446621120614
TINS,operationalProfitMargin,-0.006148437723010448,0.013171213061797128,0.08310119386014782,0.07068458937008111
TINS,netProfitMargin,-0.031668435596874975,0.012008612034282207,0.054510282993893995,0.03613969215420589
TINS,earningPerShare,-82.07633113887722,17.763082671913157,67.46064195055995,33.81316478652431
TINS,bookValuePerShare,706.0138913163297,825.5059517465886,813.8421607595791,759.0845498268734
TKIM,totalAssets,3062.331,2965.136,2582.042,2491.282
TKIM,totalStockholderEquity,1385.323,1235.185,997.907,939.064
TKIM,retainedEarnings,675.973,520.278,281.264,254.046
TKIM,totalLiab,1677.008,1729.951,1584.135,1554.204
TKIM,totalRevenue,1047.118,1055.8,1011.715,996.902
TKIM,operatingIncome,26.214,39.624,26.08,10.938
TKIM,netIncome,166.516,245.709,32.01,7.653
TKIM,totalCashflowsFromInvestingActivities,-8.16,-134.202,-104.492,89.849
TKIM,totalCashFromFinancingActivities,-122.088,121.978,71.869,-173.317
TKIM,totalCashFromOperatingActivities,159.409,40.853,45.719,151.197
TKIM,debtEquityRatio,1.2105537842077263,1.400560239964054,1.587457548649323,1.6550565243689461
TKIM,retainedEarningsEquityRatio,0.4879533509513665,0.4212146358642633,0.2818539202550939,0.2705310820135795
TKIM,returnOnEquity,0.12020012661307145,0.1989248574100236,0.032077137448680085,0.00814960428682177
TKIM,operationalProfitMargin,0.025034427829528288,0.03752983519605986,0.025778010605753594,0.010971991228826906
TKIM,netProfitMargin,0.15902314734347037,0.23272305360863801,0.03163934507247594,0.007676782672720086
TKIM,earningPerShare,0.05656824932392362,0.08347142600790285,0.010874328357988391,0.0025998511378845725
TKIM,bookValuePerShare,0.47061721911507515,0.4196128482618523,0.33900557290643935,0.3190156290273668
TLKM,totalAssets,221208000.0,206196000.0,198484000.0,179611000.0
TLKM,totalStockholderEquity,99561000.0,98910000.0,92713000.0,84384000.0
TLKM,retainedEarnings,91489000.0,90995000.0,84896000.0,76615000.0
TLKM,totalLiab,103958000.0,88893000.0,86354000.0,74067000.0
TLKM,totalRevenue,135567000.0,130784000.0,128256000.0,116333000.0
TLKM,operatingIncome,42542000.0,38624000.0,43727000.0,40000000.0
TLKM,netIncome,18663000.0,18032000.0,22145000.0,19352000.0
TLKM,totalCashflowsFromInvestingActivities,-35791000.0,-35090000.0,-33007000.0,-27557000.0
TLKM,totalCashFromFinancingActivities,-18247000.0,-18458000.0,-21052000.0,-17905000.0
TLKM,totalCashFromOperatingActivities,54949000.0,45671000.0,49405000.0,47231000.0
TLKM,debtEquityRatio,1.0441638794307009,0.8987261146496816,0.9314119918458037,0.8777374857792947
TLKM,retainedEarningsEquityRatio,0.9189240766966985,0.9199777575573754,0.9156860418711508,0.9079327834660599
TLKM,returnOnEquity,0.187452918311387,0.18230714791224345,0.23885539244766107,0.22933257489571482
TLKM,operationalProfitMargin,0.3138079326089683,0.2953266454612185,0.3409353168662675,0.343840526763687
TLKM,netProfitMargin,0.13766624621036092,0.13787619280645952,0.1726624875249501,0.16635004684827176
TLKM,earningPerShare,188.39677777009933,182.02704263786268,223.54640967255264,195.35200361179673
TLKM,bookValuePerShare,1005.0351814589756,998.463552978649,935.9068990729904,851.8284142609475
TPIA,totalAssets,3451.211,3173.486,2987.304,2129.269
TPIA,totalStockholderEquity,1755.54,1764.391,1662.907,1134.998
TPIA,retainedEarnings,918.509,927.912,827.185,669.105
TPIA,totalLiab,1690.219,1403.409,1318.482,987.601
TPIA,totalRevenue,1880.989,2543.219,2418.509,1930.336
TPIA,operatingIncome,86.57,314.761,464.332,423.79
TPIA,netIncome,22.882,181.651,318.624,300.016
TPIA,totalCashflowsFromInvestingActivities,-411.87,-369.551,-229.122,-68.982
TPIA,totalCashFromFinancingActivities,107.181,-149.786,378.49,-204.983
TPIA,totalCashFromOperatingActivities,238.133,403.515,394.405,475.893
TPIA,debtEquityRatio,0.9627915057475194,0.7954070271272071,0.7928777736818716,0.8701345729243576
TPIA,retainedEarningsEquityRatio,0.5232059651161466,0.5259106399885286,0.49743310960865517,0.5895208625918283
TPIA,returnOnEquity,0.013034166125522632,0.10295393708083979,0.1916066262274439,0.26433174331584725
TPIA,operationalProfitMargin,0.046023660957081616,0.12376480358160269,0.1919910159523905,0.2195420900817267
TPIA,netProfitMargin,0.012164877093911767,0.07142562241002447,0.13174397945180275,0.15542164680138587
TPIA,earningPerShare,0.0012830907869815311,0.010185941986975882,0.017866599025924457,0.016823169545802423
TPIA,bookValuePerShare,0.09844057338421279,0.09893688649301333,0.09324624819976825,0.06364415160573655
UCID,totalAssets,8316053.0,7179647.0,7043529.0,7221261.0
UCID,totalStockholderEquity,4341343.0,2797520.0,2597913.0,2533623.0
UCID,retainedEarnings,2851831.0,2462340.0,2262733.0,2155596.0
UCID,totalLiab,3974444.0,4381943.0,4445333.0,4687297.0
UCID,totalRevenue,8519760.0,8350583.0,7278121.0,6812884.0
UCID,operatingIncome,517650.0,491482.0,295732.0,-302117.0
UCID,netIncome,398620.0,181256.0,110198.0,-278024.0
UCID,totalCashflowsFromInvestingActivities,2176.0,-135037.0,-79853.0,-81856.0
UCID,totalCashFromFinancingActivities,733820.0,-492060.0,-463894.0,264507.0
UCID,totalCashFromOperatingActivities,111262.0,651971.0,791842.0,262108.0
UCID,debtEquityRatio,0.9154872121368894,1.5663669964825988,1.7111169619613897,1.8500372786322195
UCID,retainedEarningsEquityRatio,0.6569006411149729,0.8801867368240441,0.8709810528682062,0.850795876103114
UCID,returnOnEquity,0.09181951299402051,0.0647916726243244,0.04241789467160756,-0.10973376859935358
UCID,operationalProfitMargin,0.06075875376771177,0.058856010412686156,0.04063301503231397,-0.04434494995071103
UCID,netProfitMargin,0.04678770293998892,0.021705789883173426,0.015140995869675704,-0.04080856213022268
UCID,earningPerShare,96.2081045201372,43.74666648161654,26.596610059480405,-67.10190670590192
UCID,bookValuePerShare,1047.7958484315036,675.1896456704987,627.0139115905453,611.4973317912387
ULTJ,totalAssets,6608422.0,5555871.0,5175896.0,4239200.0
ULTJ,totalStockholderEquity,5548439.0,4660272.0,4076593.0,3473483.0
ULTJ,retainedEarnings,4942829.0,4049160.0,3466911.0,2847117.0
ULTJ,totalLiab,953283.0,780915.0,978185.0,749967.0
ULTJ,totalRevenue,6241419.0,5472882.0,4879559.0,4685988.0
ULTJ,operatingIncome,1328799.0,930759.0,988311.0,888380.0
ULTJ,netIncome,1032277.0,697784.0,708192.0,702359.0
ULTJ,totalCashflowsFromInvestingActivities,-264854.0,-1089186.0,-399687.0,-77338.0
ULTJ,totalCashFromFinancingActivities,-235682.0,-162727.0,-73801.0,-29521.0
ULTJ,totalCashFromOperatingActivities,1096817.0,575823.0,1072516.0,779109.0
ULTJ,debtEquityRatio,0.17181102648871152,0.16756854535529256,0.2399515968358872,0.21591209745376616
ULTJ,retainedEarningsEquityRatio,0.8908503815217217,0.8688677399087436,0.85044325003747,0.81967206979277
ULTJ,returnOnEquity,0.18604818400274384,0.14973031617038662,0.1737215365870471,0.20220597020339526
ULTJ,operationalProfitMargin,0.2129001433808562,0.1700674343060932,0.2025410493038408,0.18958221830700378
ULTJ,netProfitMargin,0.1653913957707374,0.12749845511012298,0.1451344271070398,0.14988493355083282
ULTJ,earningPerShare,89.34755203706032,60.39589398061577,61.29674648590429,60.79187785952574
ULTJ,bookValuePerShare,480.23877532576523,403.36449908973583,352.8448325414747,300.64333806947593
UNTR,totalAssets,111713375.0,116281017.0,82262093.0,63991229.0
UNTR,totalStockholderEquity,58212056.0,53779330.0,45362460.0,40860055.0
UNTR,retainedEarnings,47059898.0,40521820.0,32973767.0,28201882.0
UNTR,totalLiab,50603301.0,59230338.0,34724168.0,21369286.0
UNTR,totalRevenue,84430478.0,84624733.0,64559204.0,45539238.0
UNTR,operatingIncome,16531007.0,16200846.0,10499759.0,6706310.0
UNTR,netIncome,11312071.0,11125626.0,7402966.0,5002225.0
UNTR,totalCashflowsFromInvestingActivities,-9757541.0,-27980823.0,-10951214.0,-2485056.0
UNTR,totalCashFromFinancingActivities,-830690.0,1120862.0,300175.0,-3027686.0
UNTR,totalCashFromOperatingActivities,9435985.0,19209753.0,11951265.0,10005397.0
UNTR,debtEquityRatio,0.8692924537831133,1.1013587934249087,0.765482471629625,0.5229872059643581
UNTR,retainedEarningsEquityRatio,0.808421849934316,0.7534831690911732,0.726895477008963,0.6902066578226583
UNTR,returnOnEquity,0.19432522706293007,0.2068755040272908,0.16319586724353133,0.12242335454516642
UNTR,operationalProfitMargin,0.195794307832771,0.19144339279628805,0.162637677502963,0.14726443160950564
UNTR,netProfitMargin,0.13398089490858978,0.13147014596784606,0.1146694125906509,0.10984428417533029
UNTR,earningPerShare,3032.612952515316,2982.629574411367,1984.634871778165,1341.0287405724316
UNTR,bookValuePerShare,15605.863419540678,14417.509643954278,12161.060848535863,10954.027077224693
UNVR,totalAssets,20649371.0,20326869.0,18906413.0,16745695.0
UNVR,totalStockholderEquity,5281862.0,7383667.0,5173388.0,4704258.0
UNVR,retainedEarnings,5109562.0,7211367.0,5001088.0,4531958.0
UNVR,totalLiab,15367509.0,12943202.0,13733025.0,12041437.0
UNVR,totalRevenue,42922563.0,41802073.0,41204510.0,40053732.0
UNVR,operatingIncome,10117824.0,9501595.0,9504976.0,8706710.0
UNVR,netIncome,7392837.0,9081187.0,7004562.0,6390672.0
UNVR,totalCashflowsFromInvestingActivities,-1446367.0,1942485.0,-1601761.0,-1779098.0
UNVR,totalCashFromFinancingActivities,-6937190.0,-10162791.0,-5437015.0,-5150214.0
UNVR,totalCashFromOperatingActivities,8669069.0,8161127.0,7059862.0,6684219.0
UNVR,debtEquityRatio,2.909487033171257,1.752950397140066,2.6545515240689466,2.5596889031171335
UNVR,retainedEarningsEquityRatio,0.9673789281128511,0.9766647114502861,0.9666949395637829,0.9633736074849636
UNVR,returnOnEquity,1.3996649287694378,1.2299020256466062,1.353960306089549,1.3584867156520752
UNVR,operationalProfitMargin,0.2357227363146977,0.22729961262925885,0.23067804956302113,0.21737574915615854
UNVR,netProfitMargin,0.17223661597281598,0.2172425037389892,0.1699950320972146,0.1595524731628004
UNVR,earningPerShare,193.7833983822577,238.03896639473854,183.60581039988082,167.51433016937065
UNVR,bookValuePerShare,138.44984924543965,193.54303142121617,135.60649420378016,123.30950920558952
WEGE,totalAssets,6197314.112122,5890299.960562,4607728.182813,2028938.000508
WEGE,totalStockholderEquity,2428959.719766,2111091.947836,1698364.801936,645247.574705
WEGE,retainedEarnings,941448.663144,623071.05491,235392.201617,173488.710597
WEGE,totalLiab,3737909.282247,3753471.504858,2883989.017906,1383690.425803
WEGE,totalRevenue,4567506.785491,5822504.92839,3899286.413385,1929458.13202
WEGE,operatingIncome,392396.958148,479921.537288,378017.604237,170978.044593
WEGE,netIncome,451658.136234,444249.373293,294871.437069,143226.486832
WEGE,totalCashflowsFromInvestingActivities,-493459.531403,-134174.999192,-59446.589479,-221644.655717
WEGE,totalCashFromFinancingActivities,45170.046027,-678548.917198,982314.268118,485557.891181
WEGE,totalCashFromOperatingActivities,139274.396623,878803.163131,636373.732476,-228315.163086
WEGE,debtEquityRatio,1.5388930709016044,1.7779763258088028,1.6980974962613942,2.1444333617768465
WEGE,retainedEarningsEquityRatio,0.38759336166953684,0.2951415998477406,0.13859931703051767,0.26887154233213056
WEGE,returnOnEquity,0.18594714953836766,0.21043582386280385,0.17362078908657913,0.22197136796288083
WEGE,operationalProfitMargin,0.08591053644287426,0.08242526939701615,0.09694532900670921,0.0886145398832773
WEGE,netProfitMargin,0.09888504986324775,0.07629866848663035,0.07562189739558522,0.07423145620789007
WEGE,earningPerShare,47.18534933036398,46.41134563280671,30.805626312106742,14.96306890622986
WEGE,bookValuePerShare,253.75677684496003,220.54869166699078,177.43051666897426,67.40990535649652
WIKA,totalAssets,62110847.154,59230001.239,45683774.302,31355204.69
WIKA,totalStockholderEquity,16502703.368,14803614.301,12633516.348,11444865.0
WIKA,retainedEarnings,7261129.614,5479925.961,3860221.964,3104677.062
WIKA,totalLiab,42895114.167,42014686.674,31051949.689,18617215.399
WIKA,totalRevenue,27212914.21,31158193.498,26176403.026,15668832.513
WIKA,operatingIncome,2553467.519,2787175.748,1904053.321,1618710.432
WIKA,netIncome,2285022.038,1730256.243,1202069.175,1058935.366
WIKA,totalCashflowsFromInvestingActivities,-5482898.82,-6068317.949,-2637548.255,-1338524.756
WIKA,totalCashFromFinancingActivities,1039308.781,4814068.509,2727823.454,9175983.354
WIKA,totalCashFromOperatingActivities,833091.329,3935625.611,1885252.166,-1113343.805
WIKA,debtEquityRatio,2.5992780219377205,2.838137080561594,2.457902363336539,1.6266871998053276
WIKA,retainedEarningsEquityRatio,0.4399963722355868,0.37017486740584865,0.30555404035323136,0.2712724931224615
WIKA,returnOnEquity,0.13846349819453413,0.11688066223686464,0.09514921593387565,0.09252493288474786
WIKA,operationalProfitMargin,0.09383293164763921,0.0894524179708591,0.07273930337597484,0.103307660647786
WIKA,netProfitMargin,0.08396829609525308,0.055531340195029685,0.04592186228971305,0.06758227616010512
WIKA,earningPerShare,254.7731138417384,192.91838916313225,134.02711294459715,118.06812191146179
WIKA,bookValuePerShare,1840.0020017101926,1650.55865932872,1408.5992367792064,1276.0681713601605
WOOD,totalAssets,5515384.76149,4588497.40741,3843002.133341,3081874.210495
WOOD,totalStockholderEquity,2693624.886183,2439779.240229,1890164.381532,1404408.538726
WOOD,retainedEarnings,786041.366868,540240.524764,285210.746441,92465.230454
WOOD,totalLiab,2811776.373408,2138457.892658,1930378.027661,1651841.228669
WOOD,totalRevenue,2136286.045964,2101477.23589,1734702.205527,1323388.979039
WOOD,operatingIncome,490376.708656,473426.924586,353307.366626,283507.948175
WOOD,netIncome,217472.643797,239266.426284,173526.6895,140696.905072
WOOD,totalCashflowsFromInvestingActivities,-208099.719619,-144952.348337,-490256.542154,-137651.243109
WOOD,totalCashFromFinancingActivities,538728.563907,638058.365885,507494.783339,160129.156292
WOOD,totalCashFromOperatingActivities,-406185.848934,-414427.984259,41456.873494,-193717.533441
WOOD,debtEquityRatio,1.0438633782421078,0.8764964704172507,1.0212752110461454,1.176182843610063
WOOD,retainedEarningsEquityRatio,0.2918154531835572,0.22143008508970366,0.15089203310975177,0.06583926820744
WOOD,returnOnEquity,0.08073605382565703,0.0980688835853617,0.0918050785399705,0.10018231959742445
WOOD,operationalProfitMargin,0.22954637071306494,0.2252829183683725,0.20367032767947957,0.21422873596912814
WOOD,netProfitMargin,0.10179940285050422,0.11385630174702695,0.10003255253098779,0.10631560886517982
WOOD,earningPerShare,34.485253447705105,37.941155300583205,27.516618931319943,22.31070697445836
WOOD,bookValuePerShare,427.1357319763636,386.8827084949758,299.7287227344361,222.7010421011647
WSBP,totalAssets,16149121.68433,15222388.589814,14919548.673755,13734267.485212
WSBP,totalStockholderEquity,8134550.586355,7882313.190464,7316656.090419,7405501.041961
WSBP,retainedEarnings,2022663.256079,1770425.860188,1414387.373383,730205.920898
WSBP,totalLiab,8014571.097975,7340075.39935,7602892.583336,6328766.443251
WSBP,totalRevenue,7467175.916375,8000149.423527,7104157.90123,4717150.071779
WSBP,operatingIncome,1288995.332319,1649802.480673,1533676.646959,1112827.435118
WSBP,netIncome,806148.762926,1103472.788182,1000330.15051,634819.524892
WSBP,totalCashflowsFromInvestingActivities,-925757.937201,-1272087.863733,-1302336.089771,-833319.532443
WSBP,totalCashFromFinancingActivities,69622.035433,-275156.832449,538659.938611,7975859.442472
WSBP,totalCashFromOperatingActivities,26265.454496,1818103.331586,-2413798.672493,-3034905.406375
WSBP,debtEquityRatio,0.9852506309836888,0.9312082915241178,1.0391212173128952,0.8546034100043989
WSBP,retainedEarningsEquityRatio,0.24865089160203163,0.22460739854004483,0.193310626590077,0.09860317576900092
WSBP,returnOnEquity,0.09910181937748895,0.13999352239859972,0.13671958038589654,0.08572269739683917
WSBP,operationalProfitMargin,0.1726215301145273,0.20622145829191987,0.21588436916548015,0.2359109670425038
WSBP,netProfitMargin,0.10795898904138197,0.1379315222459327,0.14080910987870987,0.13457691937551347
WSBP,earningPerShare,32.88269089352044,45.01049467780506,40.80332147542916,25.894196170975594
WSBP,bookValuePerShare,331.80713633790026,321.51840961360995,298.44533870174365,302.06931136455796
WTON,totalAssets,10337895.087207,8881778.299672,7067976.095043,4663078.318968
WTON,totalStockholderEquity,3437717.977623,3064482.16898,2675987.939806,2422708.105981
WTON,retainedEarnings,1651223.804163,1277987.99552,889493.766346,679283.185842
WTON,totalLiab,6829449.1472,5744966.289467,4320040.760958,2171844.871664
WTON,totalRevenue,7083384.467587,6930628.258854,5362263.237778,3481731.506128
WTON,operatingIncome,785650.330132,725200.923443,522428.153961,400586.193486
WTON,netIncome,512346.720675,486353.05793,337124.197724,273006.884537
WTON,totalCashflowsFromInvestingActivities,-379291.925685,-439848.569825,-531584.510283,-482388.021805
WTON,totalCashFromFinancingActivities,-9377.379476,-66851.214286,270984.723717,80215.906582
WTON,totalCashFromOperatingActivities,1126052.429214,733378.642718,556091.289817,-79247.536911
WTON,debtEquityRatio,1.9866228677438522,1.8746939850458286,1.6143722834831566,0.8964533805382138
WTON,retainedEarningsEquityRatio,0.48032555750973327,0.4170322831231787,0.3323982717240816,0.2803817695433621
WTON,returnOnEquity,0.14903686806480287,0.1587064407987339,0.12598120967183446,0.11268665996659734
WTON,operationalProfitMargin,0.11091454003761522,0.10463711172454575,0.09742680110898143,0.11505372909454699
WTON,netProfitMargin,0.07233077958982144,0.07017445457540958,0.06286975905041481,0.07841123994095923
WTON,earningPerShare,58.28552791366733,55.32843988252678,38.35188368323581,31.057777374549534
WTON,bookValuePerShare,391.08127183888575,348.6212632837783,304.4254280708825,275.61183713986827
